"TxDate","CloPrice_TE","CLoPrice_TF","settle","Short E Long B","Long E Short B","TE_Pos"
"36",2010-03-02,311.5,819.29,0,0,0,0
"37",2010-03-03,311.1,832.25,0,0,0,0
"38",2010-03-04,309.13,817.28,0,0,0,0
"39",2010-03-05,313.14,829.86,0,0,0,0
"40",2010-03-08,319.18,834.89,0,0,0,0
"41",2010-03-09,320.07,835.61,0,0,0,0
"42",2010-03-10,319.91,841.66,0,0,0,0
"43",2010-03-11,319.39,829.58,0,0,0,0
"44",2010-03-12,318.82,830.84,0,0,0,0
"45",2010-03-15,313.75,815.85,0,0,0,0
"46",2010-03-16,316.09,823.43,0,0,0,0
"47",2010-03-17,322.75,844.12,1,0,0,0
"48",2010-03-18,324.16,850.06,0,0,0,0
"49",2010-03-19,324.76,851.1,0,0,0,0
"50",2010-03-22,321.65,843.09,0,0,0,0
"51",2010-03-23,321.31,838.7,0,0,0,0
"52",2010-03-24,321.81,839.07,0,0,0,0
"53",2010-03-25,323.26,837.66,0,0,1,0
"54",2010-03-26,325.53,838.79,0,0,1,0
"55",2010-03-29,327.39,848.46,0,0,1,0
"56",2010-03-30,327.44,852.86,0,0,0,0
"57",2010-03-31,326.16,840.54,0,0,0,0
"58",2010-04-01,329.86,852.76,0,0,1,0
"59",2010-04-02,330.49,852.57,0,0,1,0
"60",2010-04-06,334.04,853.96,0,0,1,0
"61",2010-04-07,334.72,856.98,0,0,1,0
"62",2010-04-08,329.79,861.38,0,0,0,0
"63",2010-04-09,331.17,867.86,0,0,0,0
"64",2010-04-12,331.78,868.12,0,0,0,0
"65",2010-04-13,327.94,852.57,0,0,0,0
"66",2010-04-14,331.01,859.39,0,0,0,0
"67",2010-04-15,333.27,863.41,0,0,0,0
"68",2010-04-16,330.29,855.11,0,0,0,0
"69",2010-04-19,321.35,820.41,0,0,0,0
"70",2010-04-20,324.63,824.19,0,0,0,0
"71",2010-04-21,329.5,829.96,1,0,0,0
"72",2010-04-22,330.39,820.31,0,0,1,0
"73",2010-04-23,332.24,821.41,0,0,1,0
"74",2010-04-26,338.06,842.42,0,0,1,0
"75",2010-04-27,337.69,839.7,0,0,0,0
"76",2010-04-28,335.55,823.89,0,0,0,0
"77",2010-04-29,333.43,822.09,0,0,0,0
"78",2010-04-30,329.78,826.4,0,0,0,0
"79",2010-05-03,327.73,821.2,0,0,0,0
"80",2010-05-04,327.63,820.28,0,0,0,0
"81",2010-05-05,317.3,801.76,0,0,0,0
"82",2010-05-06,311.84,796.38,0,1,0,0
"83",2010-05-07,311.93,787.14,0,0,0,0
"84",2010-05-10,316.01,792.99,0,0,0,0
"85",2010-05-11,313.84,788.14,0,0,0,0
"86",2010-05-12,312.75,795.25,0,0,0,0
"87",2010-05-13,319.11,823.1,0,0,0,0
"88",2010-05-14,319.07,820.66,0,0,0,0
"89",2010-05-17,311.08,800.92,0,1,0,0
"90",2010-05-18,309.28,804.96,0,1,0,0
"91",2010-05-19,307.76,802.54,1,1,0,0
"92",2010-05-20,302.96,786.25,0,1,0,0
"93",2010-05-21,296.08,762.44,0,1,0,0
"94",2010-05-24,300.04,768.97,0,0,0,0
"95",2010-05-25,290.77,741.78,0,1,0,0
"96",2010-05-26,295.66,756.22,0,0,0,0
"97",2010-05-27,298.43,759.37,0,0,0,0
"98",2010-05-28,300.56,762.54,0,0,0,0
"99",2010-05-31,303.51,770.56,0,0,0,0
"100",2010-06-01,301.21,755.81,0,0,0,0
"101",2010-06-02,296.67,749.69,0,0,0,0
"102",2010-06-03,304.03,767.43,0,0,0,0
"103",2010-06-04,303.62,760.48,0,0,0,0
"104",2010-06-07,294.88,740.41,0,0,0,0
"105",2010-06-08,292.86,742.69,0,0,0,0
"106",2010-06-09,289.97,730.43,0,0,0,0
"107",2010-06-10,294.66,742.72,0,0,0,0
"108",2010-06-11,299.23,762.54,0,0,0,0
"109",2010-06-14,301.69,778.2,0,0,0,0
"110",2010-06-15,303.92,789.37,0,0,0,0
"111",2010-06-17,306.25,791.21,1,0,0,0
"112",2010-06-18,306.11,788.91,0,0,0,0
"113",2010-06-21,311.48,809.05,0,0,0,0
"114",2010-06-22,309.84,807.31,0,0,0,0
"115",2010-06-23,308.67,801.99,0,0,0,0
"116",2010-06-24,308.47,805.54,0,0,0,0
"117",2010-06-25,303.71,806.68,0,0,0,0
"118",2010-06-28,302.78,824.41,0,0,0,0
"119",2010-06-29,300.71,809.55,0,0,0,0
"120",2010-06-30,295.46,795.99,0,1,0,0
"121",2010-07-01,292.32,786.94,0,1,0,0
"122",2010-07-02,294.02,815.37,0,1,0,0
"123",2010-07-05,298.81,828.07,0,0,0,0
"124",2010-07-06,302.5,838.44,0,0,0,0
"125",2010-07-07,302.59,834.91,0,0,0,0
"126",2010-07-08,307.72,834.84,0,0,0,0
"127",2010-07-09,309.69,839.85,0,0,0,0
"128",2010-07-12,309.94,836.39,0,0,0,0
"129",2010-07-13,308.07,834.69,0,0,0,0
"130",2010-07-14,312.82,853.24,0,0,0,0
"131",2010-07-15,311.81,857.74,0,0,0,0
"132",2010-07-16,308.54,866.8,0,0,0,0
"133",2010-07-19,308.25,860.79,0,0,0,0
"134",2010-07-20,311.66,861.37,0,0,0,0
"135",2010-07-21,311.04,854.1,1,0,0,0
"136",2010-07-22,309.13,848.61,0,0,0,0
"137",2010-07-23,313.66,854.33,0,0,0,0
"138",2010-07-26,315.53,856.44,0,0,0,0
"139",2010-07-27,315.44,847.6,0,0,0,0
"140",2010-07-28,315.38,856.71,0,0,0,0
"141",2010-07-29,315.3,857.56,0,0,0,0
"142",2010-07-30,313.58,856.75,0,0,0,0
"143",2010-08-02,318.77,887.79,0,0,0,0
"144",2010-08-03,319.67,892.9,0,0,0,0
"145",2010-08-04,318.57,898.17,0,0,0,0
"146",2010-08-05,316.61,897.02,0,0,0,0
"147",2010-08-06,316.83,899.63,0,0,0,0
"148",2010-08-09,318.45,923.14,0,0,0,0
"149",2010-08-10,315.2,914.31,0,0,0,0
"150",2010-08-11,312.45,891.88,0,0,0,0
"151",2010-08-12,309.04,891.01,0,0,0,0
"152",2010-08-13,311.82,893.59,0,0,0,0
"153",2010-08-16,313.45,896.89,0,0,0,0
"154",2010-08-17,312.64,891.56,0,0,0,0
"155",2010-08-18,312.94,884.73,1,0,0,0
"156",2010-08-19,315.42,867.52,0,0,0,0
"157",2010-08-20,314.17,872.23,0,0,0,0
"158",2010-08-23,314.45,891.08,0,0,0,0
"159",2010-08-24,312.68,889.71,0,0,0,0
"160",2010-08-25,306.32,858.92,0,0,0,0
"161",2010-08-26,304.89,845.86,0,0,0,0
"162",2010-08-27,305.12,853.58,0,0,0,0
"163",2010-08-30,304.97,860.14,0,1,0,0
"164",2010-08-31,298.03,854.39,0,1,0,0
"165",2010-09-01,298.94,860.21,0,0,0,0
"166",2010-09-02,301.04,863.69,0,0,0,0
"167",2010-09-03,307.73,869.64,0,0,0,0
"168",2010-09-06,309.72,874.22,0,0,0,0
"169",2010-09-07,308.66,871.23,0,0,0,0
"170",2010-09-08,307.78,865.93,0,0,0,0
"171",2010-09-09,308.57,861,0,0,0,0
"172",2010-09-10,310.65,870.6,0,0,0,0
"173",2010-09-13,318.22,899.41,0,0,0,0
"174",2010-09-14,320.14,901.62,0,0,0,0
"175",2010-09-15,320.95,907.86,1,0,0,0
"176",2010-09-16,318.25,899.74,0,0,0,0
"177",2010-09-17,320.36,907.25,0,0,0,0
"178",2010-09-20,320.75,908.18,0,0,0,0
"179",2010-09-21,321.75,910.34,0,0,0,0
"180",2010-09-23,321.95,915.58,0,0,0,0
"181",2010-09-24,319.33,914.92,0,0,0,0
"182",2010-09-27,319.57,918.16,0,0,0,0
"183",2010-09-28,320.31,910.57,0,0,0,0
"184",2010-09-29,322.78,913.49,0,0,1,0
"185",2010-09-30,323.39,907.56,0,0,1,0
"186",2010-10-01,322.76,910.26,0,0,0,0
"187",2010-10-04,319.52,921.83,0,0,0,0
"188",2010-10-05,317.51,916.4,0,0,0,0
"189",2010-10-06,320.18,926.52,0,0,0,0
"190",2010-10-07,319.95,931.81,0,0,0,0
"191",2010-10-08,318.86,921.63,0,0,0,0
"192",2010-10-11,317.34,911.11,0,0,0,0
"193",2010-10-12,313.6,900.34,0,0,0,0
"194",2010-10-13,313.65,900.94,0,0,0,0
"195",2010-10-14,316.31,910.95,0,0,0,0
"196",2010-10-15,314.21,911.11,0,0,0,0
"197",2010-10-18,308.23,892.88,0,0,0,0
"198",2010-10-19,308.59,891.64,0,0,0,0
"199",2010-10-20,313.52,890.87,1,0,0,0
"200",2010-10-21,312.77,888.04,0,0,0,0
"201",2010-10-22,314.58,889.51,0,0,0,0
"202",2010-10-25,320.13,902.84,0,0,0,0
"203",2010-10-26,320.61,905.62,0,0,0,0
"204",2010-10-27,318.4,897.26,0,0,0,0
"205",2010-10-28,322.75,902.41,0,0,1,0
"206",2010-10-29,320.84,896.21,0,0,0,0
"207",2010-11-01,323.57,908.79,0,0,0,0
"208",2010-11-02,321.08,911.14,0,0,0,0
"209",2010-11-03,318.66,906.28,0,0,0,0
"210",2010-11-04,321.41,911.28,0,0,0,0
"211",2010-11-05,322.74,923.86,0,0,0,0
"212",2010-11-08,318.87,926.26,0,0,0,0
"213",2010-11-09,320.52,921.53,0,0,0,0
"214",2010-11-10,322.26,916.26,0,0,0,0
"215",2010-11-11,321.43,920.68,0,0,0,0
"216",2010-11-12,318.21,900.44,0,0,0,0
"217",2010-11-15,318.23,888.49,0,0,0,0
"218",2010-11-16,320.68,891.4,0,0,0,0
"219",2010-11-17,318.9,880.26,1,0,0,0
"220",2010-11-18,319.03,884.56,0,0,0,0
"221",2010-11-19,321.1,882.13,0,0,1,0
"222",2010-11-22,324.88,886.33,0,0,1,0
"223",2010-11-23,323.24,879.24,0,0,0,0
"224",2010-11-24,321.27,875.24,0,0,0,0
"225",2010-11-25,325.09,884.42,0,0,1,0
"226",2010-11-26,324.73,876.65,0,0,1,0
"227",2010-11-29,325.86,881.53,0,0,1,0
"228",2010-11-30,325.37,878.42,0,0,0,0
"229",2010-12-01,329.32,916.97,0,0,0,0
"230",2010-12-02,332.27,928.84,0,0,1,0
"231",2010-12-03,336.26,925.81,0,0,1,0
"232",2010-12-06,337.09,945.72,0,0,0,0
"233",2010-12-07,336.48,947.73,0,0,0,0
"234",2010-12-08,337.27,939.55,0,0,0,0
"235",2010-12-09,340.46,943.41,0,0,1,0
"236",2010-12-10,340.68,937.42,0,0,1,0
"237",2010-12-13,341.34,938.73,0,0,1,0
"238",2010-12-14,340.86,932.47,0,0,1,0
"239",2010-12-15,339.69,936.48,1,0,0,0
"240",2010-12-16,341.18,938.1,0,0,0,0
"241",2010-12-17,342.48,949.82,0,0,0,0
"242",2010-12-20,339.31,949.37,0,0,0,0
"243",2010-12-21,341.52,956.91,0,0,0,0
"244",2010-12-22,343.81,958.48,0,0,0,0
"245",2010-12-23,345.17,960.91,0,0,1,0
"246",2010-12-24,343.22,960.82,0,0,0,0
"247",2010-12-27,341.96,988.91,0,0,0,0
"248",2010-12-28,341.34,986.15,0,0,0,0
"249",2010-12-29,337.72,1021.39,0,0,0,0
"250",2010-12-30,339.78,1016.88,0,0,0,0
"251",2010-12-31,341.23,1041.59,0,0,0,0
"252",2011-01-03,340.29,1068.54,0,1,0,0
"253",2011-01-04,341.18,1039.84,0,0,0,0
"254",2011-01-05,335.42,1022.15,0,0,0,0
"255",2011-01-06,336.95,1035.72,0,0,0,0
"256",2011-01-07,336.74,1007.51,0,0,0,0
"257",2011-01-10,337.95,1018.88,0,0,0,0
"258",2011-01-11,342.73,1034.48,0,0,0,0
"259",2011-01-12,342.96,1053.59,0,0,0,0
"260",2011-01-13,342.96,1058.71,0,0,0,0
"261",2011-01-14,342.81,1057.06,0,0,0,0
"262",2011-01-17,343,1038.82,0,0,0,0
"263",2011-01-18,344.9,1055.51,0,0,0,0
"264",2011-01-19,349.46,1060.63,1,0,0,0
"265",2011-01-20,346.22,1057.22,0,0,0,0
"266",2011-01-21,343.03,1049.4,0,0,0,0
"267",2011-01-24,342.82,1053.34,0,0,0,0
"268",2011-01-25,344.16,1066.42,0,0,0,0
"269",2011-01-26,347.82,1067.18,0,0,0,0
"270",2011-01-27,351.17,1068.14,0,0,0,0
"271",2011-01-28,351.73,1076.64,0,0,0,0
"272",2011-02-08,346.61,1068.2,0,0,0,0
"273",2011-02-09,340.67,1056.41,0,0,0,0
"274",2011-02-10,335.41,1015.79,0,0,0,0
"275",2011-02-11,327.8,972.22,0,0,0,0
"276",2011-02-14,332.39,979.99,0,0,0,0
"277",2011-02-15,334.27,976.06,0,0,0,0
"278",2011-02-16,334.01,980.97,1,0,0,0
"279",2011-02-17,333.08,966.39,0,0,0,0
"280",2011-02-18,336.99,1007.67,0,0,0,0
"281",2011-02-21,336.22,999.55,0,0,0,0
"282",2011-02-22,329.79,981.93,0,0,0,0
"283",2011-02-23,324.49,970.47,0,1,0,0
"284",2011-02-24,325.5,970.54,0,0,0,0
"285",2011-02-25,330.95,964.64,0,0,0,0
"286",2011-03-01,337.6,978.66,0,0,0,0
"287",2011-03-02,334.91,966.61,0,0,0,0
"288",2011-03-03,339.07,982.12,0,0,0,0
"289",2011-03-04,341.48,987.14,0,0,1,0
"290",2011-03-07,338.62,987.83,0,0,0,0
"291",2011-03-08,339.67,986.82,0,0,0,0
"292",2011-03-09,339.01,993.56,0,0,0,0
"293",2011-03-10,333.44,989.18,0,0,0,0
"294",2011-03-11,329.23,983.38,0,0,0,0
"295",2011-03-14,325.51,953.22,0,0,0,0
"296",2011-03-15,312.75,918.83,0,1,0,0
"297",2011-03-16,315.82,928.74,1,0,0,0
"298",2011-03-17,312.05,930.62,0,1,0,0
"299",2011-03-18,317.3,937.54,0,0,0,0
"300",2011-03-21,319.86,949.94,0,0,0,0
"301",2011-03-22,321.1,966.88,0,0,0,0
"302",2011-03-23,321.25,975.03,0,0,0,0
"303",2011-03-24,323.81,974.1,0,0,0,0
"304",2011-03-25,326.07,975.72,0,0,0,0
"305",2011-03-28,322.51,976.96,0,0,0,0
"306",2011-03-29,322.45,985.97,0,0,0,0
"307",2011-03-30,323.29,998.03,0,0,0,0
"308",2011-03-31,325.7,1002.74,0,0,0,0
"309",2011-04-01,326.41,1000.01,0,0,0,0
"310",2011-04-06,333.46,1010.87,0,0,0,0
"311",2011-04-07,334.9,1009.66,0,0,0,0
"312",2011-04-08,333.67,1010.61,0,0,0,0
"313",2011-04-11,332.88,1001.22,0,0,0,0
"314",2011-04-12,325.97,990.23,0,0,0,0
"315",2011-04-13,328.45,989.71,0,0,0,0
"316",2011-04-14,329.88,986.73,0,0,0,0
"317",2011-04-15,327.17,976.98,0,0,0,0
"318",2011-04-18,326.16,977.5,0,0,0,0
"319",2011-04-19,323.11,959.7,0,0,0,0
"320",2011-04-20,330.3,984.7,1,0,0,0
"321",2011-04-21,332.98,1017.81,0,0,0,0
"322",2011-04-22,333.76,1025.01,0,0,0,0
"323",2011-04-25,331.43,1035.46,0,0,0,0
"324",2011-04-26,333.32,1015.44,0,0,0,0
"325",2011-04-27,335.93,1037.66,0,0,0,0
"326",2011-04-28,336.09,1035.12,0,0,0,0
"327",2011-04-29,333.86,1035.28,0,0,0,0
"328",2011-05-03,331.22,1034.83,0,0,0,0
"329",2011-05-04,332.74,1028.11,0,0,0,0
"330",2011-05-05,336.03,1035.62,0,0,0,0
"331",2011-05-06,335.3,1026.97,0,0,0,0
"332",2011-05-09,337.07,1041.13,0,0,0,0
"333",2011-05-10,334.43,1040.02,0,0,0,0
"334",2011-05-11,333.99,1036.54,0,0,0,0
"335",2011-05-12,335.65,1025.56,0,0,0,0
"336",2011-05-13,335.4,1027.46,0,0,0,0
"337",2011-05-16,331.17,1017.18,0,0,0,0
"338",2011-05-17,329.26,1015.47,0,0,0,0
"339",2011-05-18,331.67,1013.52,1,0,0,0
"340",2011-05-19,330,1011.7,0,0,0,0
"341",2011-05-20,328.37,1004.46,0,0,0,0
"342",2011-05-23,324.33,991.49,0,0,0,0
"343",2011-05-24,324.91,996.31,0,0,0,0
"344",2011-05-25,323.28,990.77,0,1,0,0
"345",2011-05-26,326.48,998.25,0,0,0,0
"346",2011-05-27,327.7,997.41,0,0,0,0
"347",2011-05-30,329.5,1000.51,0,0,0,0
"348",2011-05-31,336.1,1019.77,0,0,1,0
"349",2011-06-01,339.63,1024.32,0,0,1,0
"350",2011-06-02,336.27,1019.11,0,0,0,0
"351",2011-06-03,339.13,1022.51,0,0,0,0
"352",2011-06-07,340.75,1023.85,0,0,1,0
"353",2011-06-08,338.81,1015.89,0,0,0,0
"354",2011-06-09,338.16,1021.46,0,0,0,0
"355",2011-06-10,330.82,1006.66,0,0,0,0
"356",2011-06-13,325.95,993.21,0,0,0,0
"357",2011-06-14,330.98,1001,0,0,0,0
"358",2011-06-15,330.02,997.64,1,0,0,0
"359",2011-06-16,322.17,980.9,0,0,0,0
"360",2011-06-17,320.09,979.34,0,1,0,0
"361",2011-06-20,315.82,969.59,0,1,0,0
"362",2011-06-21,319.31,981.95,0,0,0,0
"363",2011-06-22,321.16,991.9,0,0,0,0
"364",2011-06-23,318.39,982.5,0,0,0,0
"365",2011-06-24,316.36,980.28,0,1,0,0
"366",2011-06-27,314.27,978.68,0,1,0,0
"367",2011-06-28,313.84,974.13,0,0,0,0
"368",2011-06-29,314.48,998.45,0,1,0,0
"369",2011-06-30,315.66,1013.19,0,1,0,0
"370",2011-07-01,318.91,1026.76,0,0,0,0
"371",2011-07-04,319.85,1025.55,0,0,0,0
"372",2011-07-05,318.75,1023.16,0,0,0,0
"373",2011-07-06,321.96,1031.91,0,0,0,0
"374",2011-07-07,318.26,1039.51,0,1,0,0
"375",2011-07-08,316.08,1032.62,0,1,0,0
"376",2011-07-11,311.63,1033.65,0,1,0,0
"377",2011-07-12,304.12,1015.72,0,1,0,0
"378",2011-07-13,301.65,1014.2,0,1,0,0
"379",2011-07-14,300.65,1011.66,0,1,0,0
"380",2011-07-15,302.94,1032.73,0,1,0,0
"381",2011-07-18,299.25,1039.91,0,1,0,0
"382",2011-07-19,300.14,1036.48,0,0,0,0
"383",2011-07-20,308.92,1053.05,1,0,0,0
"384",2011-07-21,309.19,1048.54,0,0,0,0
"385",2011-07-22,309.62,1056.88,0,0,0,0
"386",2011-07-25,306.94,1044.03,0,0,0,0
"387",2011-07-26,312.56,1059,0,0,0,0
"388",2011-07-27,313.54,1060.97,0,0,0,0
"389",2011-07-28,310.24,1056.8,0,0,0,0
"390",2011-07-29,304.42,1040.64,0,0,0,0
"391",2011-08-01,308.53,1071.38,0,0,0,0
"392",2011-08-02,306.8,1059.05,0,0,0,0
"393",2011-08-03,301.44,1041.56,0,0,0,0
"394",2011-08-04,295.47,1045.08,0,1,0,0
"395",2011-08-05,278.52,984.64,0,1,0,0
"396",2011-08-08,268.39,942.06,0,1,0,0
"397",2011-08-09,264.52,931.05,0,1,0,0
"398",2011-08-10,273.39,974.61,0,0,0,0
"399",2011-08-11,273.44,969.17,0,0,0,0
"400",2011-08-12,270.83,953.5,0,0,0,0
"401",2011-08-15,278.27,971.43,0,0,0,0
"402",2011-08-16,276.85,967.89,0,0,0,0
"403",2011-08-17,272.82,965.85,1,0,0,0
"404",2011-08-18,267.34,953.69,0,1,0,0
"405",2011-08-19,256.99,917.37,0,1,0,0
"406",2011-08-22,255.68,918.91,0,1,0,0
"407",2011-08-23,263.88,948.75,0,0,0,0
"408",2011-08-24,264.04,938.91,0,0,0,0
"409",2011-08-25,261.27,922.18,0,0,0,0
"410",2011-08-26,264.12,921.21,0,0,0,0
"411",2011-08-29,268.38,933.45,0,0,0,0
"412",2011-08-30,271.96,936.52,0,0,0,0
"413",2011-08-31,275.91,945.77,0,0,0,0
"414",2011-09-01,275.15,961.74,0,0,0,0
"415",2011-09-02,274.69,964.1,0,0,0,0
"416",2011-09-05,268.06,930.25,0,0,0,0
"417",2011-09-06,263.13,892.09,0,0,0,0
"418",2011-09-07,271.45,902.02,0,0,0,0
"419",2011-09-08,272.23,904.93,0,0,0,0
"420",2011-09-09,275.33,907.21,0,0,0,0
"421",2011-09-13,268.68,861.46,0,0,0,0
"422",2011-09-14,263.77,827.8,0,0,0,0
"423",2011-09-15,270.67,842.05,0,0,0,0
"424",2011-09-16,277.16,875.61,0,0,0,0
"425",2011-09-19,273.95,851.86,0,0,0,0
"426",2011-09-20,275.7,848.14,0,0,0,0
"427",2011-09-21,277.91,854.71,1,0,0,0
"428",2011-09-22,270.06,826.88,0,0,0,0
"429",2011-09-23,260.71,792.83,0,0,0,0
"430",2011-09-26,254.18,774.08,0,0,0,0
"431",2011-09-27,261.37,804.86,0,0,0,0
"432",2011-09-28,264.55,810.08,0,0,0,0
"433",2011-09-29,265,818.94,0,0,0,0
"434",2011-09-30,266.32,828.42,0,0,0,0
"435",2011-10-03,260.06,787.17,0,0,0,0
"436",2011-10-04,262.32,793.09,0,0,0,0
"437",2011-10-05,260.1,782.1,0,0,0,0
"438",2011-10-06,262.62,804.07,0,0,0,0
"439",2011-10-07,261.86,827.55,0,0,0,0
"440",2011-10-11,269.08,854.34,0,0,0,0
"441",2011-10-12,270.11,846.44,0,0,0,0
"442",2011-10-13,271.58,849.21,0,0,0,0
"443",2011-10-14,270.6,832.92,0,0,0,0
"444",2011-10-17,273.97,845.17,0,0,0,0
"445",2011-10-18,270.3,827.68,0,0,0,0
"446",2011-10-19,268.97,832.11,1,0,0,0
"447",2011-10-20,265.12,815.44,0,0,0,0
"448",2011-10-21,265.31,823.62,0,0,0,0
"449",2011-10-24,272.03,861.05,0,0,0,0
"450",2011-10-25,273.24,860.07,0,0,0,0
"451",2011-10-26,274.58,862.62,0,0,0,0
"452",2011-10-27,274.28,866.52,0,0,0,0
"453",2011-10-28,275.05,883.48,0,0,0,0
"454",2011-10-31,274.19,885.22,0,0,0,0
"455",2011-11-01,276.29,880.55,0,0,0,0
"456",2011-11-02,277.44,862.85,0,0,0,0
"457",2011-11-03,272.46,835.77,0,0,0,0
"458",2011-11-04,277.12,857.61,0,0,0,0
"459",2011-11-07,278.51,852.17,0,0,1,0
"460",2011-11-08,278.14,850.23,0,0,0,0
"461",2011-11-09,275.87,845.79,0,0,0,0
"462",2011-11-10,267.14,802.69,0,0,0,0
"463",2011-11-11,269.67,809.48,0,0,0,0
"464",2011-11-14,276.49,820.81,0,0,1,0
"465",2011-11-15,275.41,812.58,0,0,0,0
"466",2011-11-16,273.06,792.14,1,0,1,0
"467",2011-11-17,274.9,787.43,0,0,1,0
"468",2011-11-18,269.03,785.73,0,0,0,0
"469",2011-11-21,261.54,771.38,0,0,0,0
"470",2011-11-22,258.36,770.26,0,0,0,0
"471",2011-11-23,251.4,743.61,0,0,0,0
"472",2011-11-24,250.02,767.91,0,1,0,0
"473",2011-11-25,247.45,752.28,0,1,0,0
"474",2011-11-28,252.74,763.27,0,0,0,0
"475",2011-11-29,256.23,773.25,0,0,0,0
"476",2011-11-30,254.8,755.95,0,0,0,0
"477",2011-12-01,263.66,804.32,0,0,0,0
"478",2011-12-02,261.73,801.73,0,0,0,0
"479",2011-12-05,259.77,795.14,0,0,0,0
"480",2011-12-06,255.19,777.37,0,0,0,0
"481",2011-12-07,256.81,788.74,0,0,0,0
"482",2011-12-08,254.53,779.87,0,0,0,0
"483",2011-12-09,250.65,773,0,0,0,0
"484",2011-12-12,252.83,777.3,0,0,0,0
"485",2011-12-13,252.42,760.06,0,0,0,0
"486",2011-12-14,253.43,762.06,0,0,0,0
"487",2011-12-15,247.91,740.34,0,0,0,0
"488",2011-12-16,249.07,742.07,0,0,0,0
"489",2011-12-19,244.33,709.14,0,0,0,0
"490",2011-12-20,246.6,703.6,0,0,0,0
"491",2011-12-21,258.36,750.43,1,0,0,0
"492",2011-12-22,257.08,764.67,0,0,0,0
"493",2011-12-23,261.19,796.66,0,0,0,0
"494",2011-12-26,260.54,790.31,0,0,0,0
"495",2011-12-27,260.48,787.34,0,0,0,0
"496",2011-12-28,259.89,785.65,0,0,0,0
"497",2011-12-29,261.21,784.35,0,0,0,0
"498",2011-12-30,260.73,785.47,0,0,0,0
"499",2012-01-02,256.91,762.24,0,0,0,0
"500",2012-01-03,260.55,782.02,0,0,0,0
"501",2012-01-04,262.34,783.92,0,0,0,0
"502",2012-01-05,264.01,789.11,0,0,0,0
"503",2012-01-06,264.02,777.24,0,0,0,0
"504",2012-01-09,262.81,769.14,0,0,0,0
"505",2012-01-10,265.39,781.82,0,0,1,0
"506",2012-01-11,266.19,778.08,0,0,1,0
"507",2012-01-12,266.43,776.42,0,0,1,0
"508",2012-01-13,266.23,776.37,0,0,0,0
"509",2012-01-16,263.2,761.83,0,0,0,0
"510",2012-01-17,267.94,774.42,0,0,1,0
"511",2012-01-18,269.62,761.39,1,0,1,0
"512",2012-01-30,278.09,780.08,0,0,1,0
"513",2012-01-31,281.27,809.64,0,0,0,0
"514",2012-02-01,282.37,822.14,0,0,0,0
"515",2012-02-02,286.86,832.26,0,0,1,0
"516",2012-02-03,288.31,834.72,0,0,1,0
"517",2012-02-04,289,868.38,0,0,0,0
"518",2012-02-06,287.03,849.63,0,0,0,0
"519",2012-02-07,288.36,851.25,0,0,0,0
"520",2012-02-08,295.19,871.57,0,0,1,0
"521",2012-02-09,297.05,874.72,0,0,1,0
"522",2012-02-10,294.11,875.22,0,0,0,0
"523",2012-02-13,295.38,879.74,0,0,0,0
"524",2012-02-14,295.48,863.74,0,0,0,0
"525",2012-02-15,300.71,875.46,1,0,1,0
"526",2012-02-16,295.23,853.45,0,0,0,0
"527",2012-02-17,295.95,853.51,0,0,0,0
"528",2012-02-20,297.35,854.43,0,0,0,0
"529",2012-02-21,295.9,845.02,0,0,0,0
"530",2012-02-22,299.55,853.78,0,0,1,0
"531",2012-02-23,296.72,844.87,0,0,0,0
"532",2012-02-24,297.88,850.76,0,0,0,0
"533",2012-02-29,303.94,870.17,0,0,1,0
"534",2012-03-01,304.21,862.47,0,0,1,0
"535",2012-03-02,305.63,859.84,0,0,1,0
"536",2012-03-03,304.24,853.03,0,0,0,0
"537",2012-03-05,300.6,836.86,0,0,0,0
"538",2012-03-06,298.08,829.42,0,0,0,0
"539",2012-03-07,297.18,821.16,0,0,0,0
"540",2012-03-08,299.65,840.33,0,0,0,0
"541",2012-03-09,302.12,838.17,0,0,0,0
"542",2012-03-12,298.8,830.06,0,0,0,0
"543",2012-03-13,301.54,858.3,0,0,0,0
"544",2012-03-14,305.85,857.64,0,0,1,0
"545",2012-03-15,305.75,862.05,0,0,0,0
"546",2012-03-16,303.47,855.34,0,0,0,0
"547",2012-03-19,304.09,858.37,0,0,0,0
"548",2012-03-20,301.36,848.49,0,0,0,0
"549",2012-03-21,302.57,846.34,1,0,0,0
"550",2012-03-22,305.66,856.08,0,0,1,0
"551",2012-03-23,306.28,860.41,0,0,1,0
"552",2012-03-26,303.14,841.68,0,0,0,0
"553",2012-03-27,305.67,845.78,0,0,1,0
"554",2012-03-28,307.24,840.78,0,0,1,0
"555",2012-03-29,300.66,818.14,0,0,0,0
"556",2012-03-30,302.97,823.69,0,0,0,0
"557",2012-04-02,300.17,816.1,0,0,0,0
"558",2012-04-03,295.22,809.43,0,0,0,0
"559",2012-04-05,292.1,790.25,0,0,0,0
"560",2012-04-06,295.92,794.56,0,0,0,0
"561",2012-04-09,291.61,784.85,0,0,0,0
"562",2012-04-10,292.01,791.07,0,0,0,0
"563",2012-04-11,293.99,787.26,0,0,0,0
"564",2012-04-12,294.85,790.89,0,0,0,0
"565",2012-04-13,300.46,800.07,0,0,0,0
"566",2012-04-16,298.83,791.28,0,0,0,0
"567",2012-04-17,291.82,781.77,0,0,0,0
"568",2012-04-18,292.41,782.17,1,0,0,0
"569",2012-04-19,292.04,788.2,0,0,0,0
"570",2012-04-20,286.66,777.9,0,1,0,0
"571",2012-04-23,284.87,780.53,0,1,0,0
"572",2012-04-24,286.95,777.53,0,0,0,0
"573",2012-04-25,290.05,783.98,0,0,0,0
"574",2012-04-26,286.86,781.8,0,0,0,0
"575",2012-04-27,283.96,781.77,0,1,0,0
"576",2012-04-30,284.2,787.16,0,1,0,0
"577",2012-05-02,292.02,803.16,0,0,0,0
"578",2012-05-03,291.73,797.86,0,0,0,0
"579",2012-05-04,292.9,802.08,0,0,0,0
"580",2012-05-07,286.76,784.79,0,0,0,0
"581",2012-05-08,286.63,785.61,0,0,0,0
"582",2012-05-09,284.32,774.13,0,0,0,0
"583",2012-05-10,284.21,779.41,0,0,0,0
"584",2012-05-11,282,766.3,0,0,0,0
"585",2012-05-14,281.52,765.88,0,0,0,0
"586",2012-05-15,283.16,759.51,0,0,0,0
"587",2012-05-16,275.98,740.92,1,1,0,0
"588",2012-05-17,281.51,756.09,0,0,0,0
"589",2012-05-18,271.91,739.34,0,1,0,0
"590",2012-05-21,273.64,746.06,0,0,0,0
"591",2012-05-22,277.63,751.51,0,0,0,0
"592",2012-05-23,271.94,735.46,0,0,0,0
"593",2012-05-24,271.49,729.93,0,0,0,0
"594",2012-05-25,268.76,727.55,0,1,0,0
"595",2012-05-28,271.6,737.15,0,0,0,0
"596",2012-05-29,279.73,759.67,0,0,0,0
"597",2012-05-30,277.89,747.71,0,0,0,0
"598",2012-05-31,279.94,756.71,0,0,0,0
"599",2012-06-01,270.68,734.73,0,0,0,0
"600",2012-06-04,260.68,711,0,1,0,0
"601",2012-06-05,265.02,727.3,0,0,0,0
"602",2012-06-06,267.39,731.88,0,0,0,0
"603",2012-06-07,268.79,739.22,0,0,0,0
"604",2012-06-08,264.87,739.13,0,0,0,0
"605",2012-06-11,270.01,753.51,0,0,0,0
"606",2012-06-12,267.84,746.47,0,0,0,0
"607",2012-06-13,268.7,749.68,0,0,0,0
"608",2012-06-14,267.79,748.96,0,0,0,0
"609",2012-06-15,269.65,759.88,0,0,0,0
"610",2012-06-18,276.09,770.59,0,0,0,0
"611",2012-06-19,275.47,763.72,0,0,0,0
"612",2012-06-20,277.68,771.15,1,0,0,0
"613",2012-06-21,275.69,759.42,0,0,0,0
"614",2012-06-22,274.46,752.27,0,0,0,0
"615",2012-06-25,272.86,746.43,0,0,0,0
"616",2012-06-26,270.82,746.22,0,0,0,0
"617",2012-06-27,272.61,753.4,0,0,0,0
"618",2012-06-28,272.41,749.38,0,0,0,0
"619",2012-06-29,276.97,765.62,0,0,0,0
"620",2012-07-02,279.13,776.94,0,0,0,0
"621",2012-07-03,282.14,780.69,0,0,0,0
"622",2012-07-04,281.57,786.36,0,0,0,0
"623",2012-07-05,279.76,783.16,0,0,0,0
"624",2012-07-06,278.12,782.09,0,0,0,0
"625",2012-07-09,275.16,777.55,0,0,0,0
"626",2012-07-10,271.62,774.51,0,0,0,0
"627",2012-07-11,271.57,783.57,0,0,0,0
"628",2012-07-12,266.08,775.05,0,1,0,0
"629",2012-07-13,264.66,776.26,0,1,0,0
"630",2012-07-16,262.64,774.65,0,1,0,0
"631",2012-07-17,261.96,783.61,0,1,0,0
"632",2012-07-18,259.5,773.27,1,1,0,0
"633",2012-07-19,264.31,781.6,0,0,0,0
"634",2012-07-20,264.78,784.73,0,0,0,0
"635",2012-07-23,258.53,772.94,0,1,0,0
"636",2012-07-24,257.3,773.89,0,1,0,0
"637",2012-07-25,254.79,772.3,0,1,0,0
"638",2012-07-26,254.92,776.64,0,1,0,0
"639",2012-07-27,261.46,790.77,0,0,0,0
"640",2012-07-30,261.86,795.01,0,0,0,0
"641",2012-07-31,266.25,805.36,0,0,0,0
"642",2012-08-01,265.41,803.78,0,0,0,0
"643",2012-08-03,263.15,794.96,0,0,0,0
"644",2012-08-06,265.4,805.49,0,0,0,0
"645",2012-08-07,265.02,807.57,0,0,0,0
"646",2012-08-08,265.94,807.45,0,0,0,0
"647",2012-08-09,271.62,819.89,0,0,0,0
"648",2012-08-10,272.99,813.91,0,0,0,0
"649",2012-08-13,273.72,809.99,0,0,0,0
"650",2012-08-14,275.57,808.57,0,0,0,0
"651",2012-08-15,275.12,806.45,1,0,0,0
"652",2012-08-16,276.49,809.19,0,0,0,0
"653",2012-08-17,275.99,804.27,0,0,0,0
"654",2012-08-20,275.15,800.34,0,0,0,0
"655",2012-08-21,277.89,812.07,0,0,0,0
"656",2012-08-22,277.4,814.81,0,0,0,0
"657",2012-08-23,278.23,816.3,0,0,0,0
"658",2012-08-24,277.38,811.02,0,0,0,0
"659",2012-08-27,278.01,808.05,0,0,0,0
"660",2012-08-28,273.74,796.53,0,0,0,0
"661",2012-08-29,275.2,798.02,0,0,0,0
"662",2012-08-30,275.96,790.41,0,0,1,0
"663",2012-08-31,277.2,794.84,0,0,1,0
"664",2012-09-03,281.05,796.19,0,0,1,0
"665",2012-09-04,281.36,791.83,0,0,1,0
"666",2012-09-05,278.08,781.85,0,0,0,0
"667",2012-09-06,276.49,783.05,0,0,0,0
"668",2012-09-07,280.86,791.81,0,0,0,0
"669",2012-09-10,282.05,794.43,0,0,1,0
"670",2012-09-11,283.23,793.56,0,0,1,0
"671",2012-09-12,286.71,800.88,0,0,1,0
"672",2012-09-13,286.51,801.92,0,0,0,0
"673",2012-09-14,291.64,831.47,0,0,1,0
"674",2012-09-17,291.46,841.61,0,0,0,0
"675",2012-09-18,290.63,838.79,0,0,0,0
"676",2012-09-19,292.06,844.26,1,0,0,0
"677",2012-09-20,289.66,838.61,0,0,0,0
"678",2012-09-21,290.95,840.32,0,0,0,0
"679",2012-09-24,291.74,840.89,0,0,0,0
"680",2012-09-25,289.64,837.96,0,0,0,0
"681",2012-09-26,286.18,831.96,0,0,0,0
"682",2012-09-27,286.95,832.76,0,0,0,0
"683",2012-09-28,288.77,831.24,0,0,0,0
"684",2012-10-01,287.12,825.27,0,0,0,0
"685",2012-10-02,289.38,830.2,0,0,0,0
"686",2012-10-03,288.94,823.68,0,0,0,0
"687",2012-10-04,288.28,831.65,0,0,0,0
"688",2012-10-05,288.32,836.75,0,0,0,0
"689",2012-10-08,284.9,827.54,0,0,0,0
"690",2012-10-09,282.17,828.79,0,0,0,0
"691",2012-10-11,276.83,813.74,0,0,0,0
"692",2012-10-12,276.74,809.22,0,0,0,0
"693",2012-10-15,275.7,807.98,0,0,0,0
"694",2012-10-16,278.66,812.91,0,0,0,0
"695",2012-10-17,278.56,809.97,1,0,0,0
"696",2012-10-18,278.14,811.52,0,0,0,0
"697",2012-10-19,275.58,804.2,0,0,0,0
"698",2012-10-22,274.73,798.79,0,0,0,0
"699",2012-10-23,273.74,794.07,0,1,0,0
"700",2012-10-24,273.37,793.6,0,1,0,0
"701",2012-10-25,270.99,788.13,0,1,0,0
"702",2012-10-26,267.78,764.83,0,1,0,0
"703",2012-10-29,266.23,760.21,0,1,0,0
"704",2012-10-30,269.66,771.32,0,0,0,0
"705",2012-10-31,269.35,765.29,0,0,0,0
"706",2012-11-01,271.25,764.64,0,0,0,0
"707",2012-11-02,271.25,779.43,0,0,0,0
"708",2012-11-05,270.61,771.86,0,0,0,0
"709",2012-11-06,272.87,778.23,0,0,0,0
"710",2012-11-07,274.73,787.98,0,0,0,0
"711",2012-11-08,274.25,776.16,0,0,0,0
"712",2012-11-09,276.89,780.45,0,0,0,0
"713",2012-11-12,275.87,777.78,0,0,0,0
"714",2012-11-13,271.43,764.07,0,0,0,0
"715",2012-11-14,273.38,767.62,0,0,0,0
"716",2012-11-15,273.46,760.67,0,0,0,0
"717",2012-11-16,272.51,759.37,0,0,0,0
"718",2012-11-19,271.51,763.03,0,0,0,0
"719",2012-11-20,271.73,767.84,0,0,0,0
"720",2012-11-21,270.75,758.16,1,0,0,0
"721",2012-11-22,271.57,766.74,0,0,0,0
"722",2012-11-23,279.88,790.05,0,0,0,0
"723",2012-11-26,282.44,801.18,0,0,0,0
"724",2012-11-27,283.07,806.07,0,0,0,0
"725",2012-11-28,283.3,808.07,0,0,0,0
"726",2012-11-29,285.39,809.72,0,0,1,0
"727",2012-11-30,289.02,819.33,0,0,1,0
"728",2012-12-03,289.75,822.25,0,0,1,0
"729",2012-12-04,290.98,821.99,0,0,1,0
"730",2012-12-05,292.23,829.18,0,0,1,0
"731",2012-12-06,290.16,830.24,0,0,0,0
"732",2012-12-07,291.55,829.95,0,0,0,0
"733",2012-12-10,290.05,824.61,0,0,0,0
"734",2012-12-11,289.89,825.01,0,0,0,0
"735",2012-12-12,292.22,837.39,0,0,0,0
"736",2012-12-13,294.72,843.73,0,0,1,0
"737",2012-12-14,291.08,839.17,0,0,0,0
"738",2012-12-17,286.71,834.82,0,0,0,0
"739",2012-12-18,287.39,838.01,0,0,0,0
"740",2012-12-19,287.94,846.98,1,0,0,0
"741",2012-12-20,285.87,832.59,0,0,0,0
"742",2012-12-21,282.75,824.75,0,0,0,0
"743",2012-12-22,284.5,827.67,0,0,0,0
"744",2012-12-24,283.24,827.25,0,0,0,0
"745",2012-12-25,287.15,839.69,0,0,0,0
"746",2012-12-26,286.16,836.71,0,0,0,0
"747",2012-12-27,287.12,835.89,0,0,0,0
"748",2012-12-28,289.23,841.78,0,0,0,0
"749",2013-01-02,292.53,846.55,0,0,0,0
"750",2013-01-03,294.1,848.73,0,0,0,0
"751",2013-01-04,292.47,840.88,0,0,0,0
"752",2013-01-07,289.38,841.89,0,0,0,0
"753",2013-01-08,288.13,839.42,0,0,0,0
"754",2013-01-09,288.58,842.79,0,0,0,0
"755",2013-01-10,290.25,858.27,0,0,0,0
"756",2013-01-11,290.34,857.52,0,0,0,0
"757",2013-01-14,290.96,860.6,0,0,0,0
"758",2013-01-15,288.21,854.29,0,0,0,0
"759",2013-01-16,286.11,850.02,1,0,0,0
"760",2013-01-17,283.72,839.95,0,1,0,0
"761",2013-01-18,288.36,851.64,0,0,0,0
"762",2013-01-21,287.98,852.33,0,0,0,0
"763",2013-01-22,289.56,857.99,0,0,0,0
"764",2013-01-23,289.09,854.69,0,0,0,0
"765",2013-01-24,287.25,849.76,0,0,0,0
"766",2013-01-25,286.65,849.53,0,0,0,0
"767",2013-01-28,287.77,860.22,0,0,0,0
"768",2013-01-29,292.09,863.36,0,0,0,0
"769",2013-01-30,292.48,869.79,0,0,0,0
"770",2013-01-31,292.26,878.78,0,0,0,0
"771",2013-02-01,292.31,880.89,0,0,0,0
"772",2013-02-04,293.57,909.53,0,0,0,0
"773",2013-02-05,291.79,909.06,0,1,0,0
"774",2013-02-06,293.22,917.26,0,0,0,0
"775",2013-02-18,295.28,924.63,0,0,0,0
"776",2013-02-19,296.87,924.09,0,0,0,0
"777",2013-02-20,299.47,934.19,1,0,0,0
"778",2013-02-21,296.75,915.54,0,0,0,0
"779",2013-02-22,295.31,920.89,0,0,0,0
"780",2013-02-23,297.01,929.91,0,0,0,0
"781",2013-02-25,295.85,924.87,0,0,0,0
"782",2013-02-26,292.71,915.9,0,0,0,0
"783",2013-02-27,294.25,919.73,0,0,0,0
"784",2013-03-01,296.18,927,0,0,0,0
"785",2013-03-04,293.23,913.34,0,0,0,0
"786",2013-03-05,296.24,928.46,0,0,0,0
"787",2013-03-06,296.17,927.69,0,0,0,0
"788",2013-03-07,295.6,941.78,0,1,0,0
"789",2013-03-08,296.48,961.87,0,1,0,0
"790",2013-03-11,296.25,968.21,0,1,0,0
"791",2013-03-12,296.14,947.17,0,0,0,0
"792",2013-03-13,297.37,951.7,0,0,0,0
"793",2013-03-14,296.57,950.28,0,0,0,0
"794",2013-03-15,295.49,942.5,0,0,0,0
"795",2013-03-18,291.48,920.96,0,0,0,0
"796",2013-03-19,293,927.78,0,0,0,0
"797",2013-03-20,291.01,931.44,1,1,0,0
"798",2013-03-21,290.91,930.47,0,0,0,0
"799",2013-03-22,290.87,925.77,0,0,0,0
"800",2013-03-25,293.38,938.3,0,0,0,0
"801",2013-03-26,294.52,936.74,0,0,0,0
"802",2013-03-27,296.05,946.78,0,0,0,0
"803",2013-03-28,294.96,940.87,0,0,0,0
"804",2013-03-29,296.85,943.43,0,0,0,0
"805",2013-04-01,296.44,934.36,0,0,0,0
"806",2013-04-02,297.12,926.91,0,0,0,0
"807",2013-04-03,297.96,936.25,0,0,0,0
"808",2013-04-08,291.35,910.2,0,0,0,0
"809",2013-04-09,289.87,909.34,0,0,0,0
"810",2013-04-10,291.09,915.48,0,0,0,0
"811",2013-04-11,295.38,918.57,0,0,0,0
"812",2013-04-12,292.9,915.47,0,0,0,0
"813",2013-04-15,290.03,905.12,0,0,0,0
"814",2013-04-16,292.04,906.45,0,0,0,0
"815",2013-04-17,292.8,896.18,1,0,0,0
"816",2013-04-18,292.07,895.74,0,0,0,0
"817",2013-04-19,299.09,911.67,0,0,1,0
"818",2013-04-22,300.38,918.63,0,0,1,0
"819",2013-04-23,298.35,917.65,0,0,0,0
"820",2013-04-24,300.82,924.7,0,0,0,0
"821",2013-04-25,300.95,920.92,0,0,1,0
"822",2013-04-26,301.57,918.4,0,0,1,0
"823",2013-04-29,302.47,917.68,0,0,1,0
"824",2013-04-30,305.69,925.29,0,0,1,0
"825",2013-05-02,307.66,931.46,0,0,1,0
"826",2013-05-03,307.52,934.94,0,0,0,0
"827",2013-05-06,310.31,926.68,0,0,1,0
"828",2013-05-07,309.84,925.28,0,0,0,0
"829",2013-05-08,313.9,931.96,0,0,1,0
"830",2013-05-09,314.86,934.51,0,0,1,0
"831",2013-05-10,313.35,938.99,0,0,0,0
"832",2013-05-13,312.53,935.08,0,0,0,0
"833",2013-05-14,312.75,933.36,0,0,0,0
"834",2013-05-15,314.79,947.48,1,0,0,0
"835",2013-05-16,316.77,964.93,0,0,0,0
"836",2013-05-17,316.17,958.56,0,0,0,0
"837",2013-05-20,316.79,967.16,0,0,0,0
"838",2013-05-21,316.85,959.08,0,0,0,0
"839",2013-05-22,317.55,959.88,0,0,0,0
"840",2013-05-23,311.32,938.2,0,0,0,0
"841",2013-05-24,310.89,934.3,0,0,0,0
"842",2013-05-27,314.45,940.48,0,0,0,0
"843",2013-05-28,313.31,938.54,0,0,0,0
"844",2013-05-29,316.04,946.81,0,0,0,0
"845",2013-05-30,312.73,935.69,0,0,0,0
"846",2013-05-31,312.54,941.87,0,0,0,0
"847",2013-06-03,310.52,929.76,0,0,0,0
"848",2013-06-04,310.9,925.47,0,0,0,0
"849",2013-06-05,310.07,928.28,0,0,0,0
"850",2013-06-06,306.56,919.41,0,0,0,0
"851",2013-06-07,306.07,920.03,0,0,0,0
"852",2013-06-10,308.73,930.53,0,0,0,0
"853",2013-06-11,306.56,932.91,0,0,0,0
"854",2013-06-13,298.73,919.16,0,0,0,0
"855",2013-06-14,298.59,916.72,0,0,0,0
"856",2013-06-17,300.46,924.05,0,0,0,0
"857",2013-06-18,302.28,922.43,0,0,0,0
"858",2013-06-19,301.17,920.91,1,0,0,0
"859",2013-06-20,296.68,914.77,0,1,0,0
"860",2013-06-21,293.01,912.16,0,1,0,0
"861",2013-06-24,289.47,912.01,0,1,0,0
"862",2013-06-25,287.32,895.76,0,1,0,0
"863",2013-06-26,291.66,904.24,0,0,0,0
"864",2013-06-27,295.44,914.37,0,0,0,0
"865",2013-06-28,303.46,928.08,0,0,0,0
"866",2013-07-01,302.61,926.87,0,0,0,0
"867",2013-07-02,302.78,921.34,0,0,0,0
"868",2013-07-03,298.56,902.42,0,0,0,0
"869",2013-07-04,296.47,904.49,0,0,0,0
"870",2013-07-05,301.23,912.16,0,0,0,0
"871",2013-07-08,295,906.76,0,0,0,0
"872",2013-07-09,297.07,923.1,0,0,0,0
"873",2013-07-10,297.48,934.37,0,0,0,0
"874",2013-07-11,302.92,953.53,0,0,0,0
"875",2013-07-12,303.87,961.17,0,0,0,0
"876",2013-07-15,304.65,959.82,0,0,0,0
"877",2013-07-16,303.61,960.22,0,0,0,0
"878",2013-07-17,301.42,969.46,1,0,0,0
"879",2013-07-18,296.86,969.07,0,1,0,0
"880",2013-07-19,288.17,959.81,0,1,0,0
"881",2013-07-22,288.97,969.69,0,1,0,0
"882",2013-07-23,294.94,976.19,0,0,0,0
"883",2013-07-24,295.64,971.49,0,0,0,0
"884",2013-07-25,295.9,964.67,0,0,0,0
"885",2013-07-26,296.16,966.48,0,0,0,0
"886",2013-07-29,292.71,965.49,0,0,0,0
"887",2013-07-30,295.38,974.88,0,0,0,0
"888",2013-07-31,293.69,971.66,0,0,0,0
"889",2013-08-01,290.49,968.96,0,0,0,0
"890",2013-08-02,290.21,976.96,0,0,0,0
"891",2013-08-05,292.12,977.85,0,0,0,0
"892",2013-08-06,288.73,963.83,0,0,0,0
"893",2013-08-07,284.03,948.18,0,1,0,0
"894",2013-08-08,283.33,950,0,1,0,0
"895",2013-08-09,282.44,940.61,0,0,0,0
"896",2013-08-12,283.99,947.63,0,0,0,0
"897",2013-08-13,288.68,947.97,0,0,0,0
"898",2013-08-14,287.87,946.63,0,0,0,0
"899",2013-08-15,285.87,937.03,0,0,0,0
"900",2013-08-16,287.16,940.54,0,0,0,0
"901",2013-08-19,286.6,937.17,0,0,0,0
"902",2013-08-20,284.14,937.5,0,0,0,0
"903",2013-08-22,284.46,931.02,1,0,0,0
"904",2013-08-23,287.16,933.35,0,0,0,0
"905",2013-08-26,288.17,934.09,0,0,0,0
"906",2013-08-27,285.53,929.27,0,0,0,0
"907",2013-08-28,286.04,927.09,0,0,0,0
"908",2013-08-29,289.41,934.76,0,0,0,0
"909",2013-08-30,293.34,949.57,0,0,0,0
"910",2013-09-02,294.45,947.84,0,0,0,0
"911",2013-09-03,295.82,960.25,0,0,0,0
"912",2013-09-04,294.4,964.54,0,0,0,0
"913",2013-09-05,297.68,968.3,0,0,0,0
"914",2013-09-06,297.6,965.89,0,0,1,0
"915",2013-09-09,298.66,964.9,0,0,1,0
"916",2013-09-10,299.51,963.53,0,0,1,0
"917",2013-09-11,298.72,969.25,0,0,0,0
"918",2013-09-12,297.42,974.03,0,0,0,0
"919",2013-09-13,295.88,968.85,0,0,0,0
"920",2013-09-14,294.91,963.94,0,0,0,0
"921",2013-09-16,299.61,975.09,0,0,0,0
"922",2013-09-17,299.09,976.72,0,0,0,0
"923",2013-09-18,297.21,973.95,1,0,0,0
"924",2013-09-23,300.65,986.92,0,0,0,0
"925",2013-09-24,301.43,985.2,0,0,0,0
"926",2013-09-25,299.77,986.36,0,0,0,0
"927",2013-09-26,296.25,973.2,0,0,0,0
"928",2013-09-27,297.91,980.47,0,0,0,0
"929",2013-09-30,295.95,969.66,0,0,0,0
"930",2013-10-01,296.63,972.58,0,0,0,0
"931",2013-10-02,297.09,969.15,0,0,0,0
"932",2013-10-03,301.39,993.1,0,0,0,0
"933",2013-10-04,300.88,994.34,0,0,0,0
"934",2013-10-07,297.71,998.37,0,0,0,0
"935",2013-10-08,299.14,1011.55,0,0,0,0
"936",2013-10-09,297.76,1015.58,0,0,0,0
"937",2013-10-11,298.16,1016.57,0,0,0,0
"938",2013-10-14,294.09,1015.38,0,1,0,0
"939",2013-10-15,297.97,1020,0,0,0,0
"940",2013-10-16,296.13,1016.92,1,0,0,0
"941",2013-10-17,298.1,1016.33,0,0,0,0
"942",2013-10-18,302.08,1014.37,0,0,0,0
"943",2013-10-21,300.93,1014.1,0,0,0,0
"944",2013-10-22,301.59,1013.86,0,0,0,0
"945",2013-10-23,301.41,1005.76,0,0,0,0
"946",2013-10-24,301.91,1008.83,0,0,0,0
"947",2013-10-25,298.77,1001.55,0,0,0,0
"948",2013-10-28,301.3,1011.28,0,0,0,0
"949",2013-10-29,301.2,1013.19,0,0,0,0
"950",2013-10-30,303.7,1018.22,0,0,0,0
"951",2013-10-31,302.88,1021.6,0,0,0,0
"952",2013-11-01,300.57,1010.47,0,0,0,0
"953",2013-11-04,301.25,1001.65,0,0,0,0
"954",2013-11-05,297.83,993.19,0,0,0,0
"955",2013-11-06,298.66,997.66,0,0,0,0
"956",2013-11-07,298.59,993.68,0,0,0,0
"957",2013-11-08,296.4,992.17,0,0,0,0
"958",2013-11-11,293.93,990.48,0,0,0,0
"959",2013-11-12,293.35,994.2,0,0,0,0
"960",2013-11-13,290.08,985.9,0,1,0,0
"961",2013-11-14,291.65,985.71,0,0,0,0
"962",2013-11-15,292.18,991.34,0,0,0,0
"963",2013-11-18,291.91,1001.12,0,1,0,0
"964",2013-11-19,294.86,1004.78,0,0,0,0
"965",2013-11-20,292.03,1002.86,1,1,0,0
"966",2013-11-21,288.1,991.18,0,1,0,0
"967",2013-11-22,288.13,1001.44,0,1,0,0
"968",2013-11-25,290.03,1015.36,0,0,0,0
"969",2013-11-26,294.06,1012.4,0,0,0,0
"970",2013-11-27,296.04,1015.43,0,0,0,0
"971",2013-11-28,297.93,1021.05,0,0,0,0
"972",2013-11-29,300.13,1022.83,0,0,0,0
"973",2013-12-02,300.23,1022.4,0,0,0,0
"974",2013-12-03,299.9,1019.14,0,0,0,0
"975",2013-12-04,300.49,1023.3,0,0,0,0
"976",2013-12-05,298.74,1018.92,0,0,0,0
"977",2013-12-06,299.38,1012.82,0,0,0,0
"978",2013-12-09,301.83,1022.89,0,0,0,0
"979",2013-12-10,301.69,1025.91,0,0,0,0
"980",2013-12-11,300.67,1030.57,0,0,0,0
"981",2013-12-12,298.25,1018.36,0,0,0,0
"982",2013-12-13,297.8,1022.99,0,0,0,0
"983",2013-12-16,295.82,1016.01,0,0,0,0
"984",2013-12-17,298.64,1016.66,0,0,0,0
"985",2013-12-18,297.45,1018.29,1,0,0,0
"986",2013-12-19,299.96,1026.28,0,0,0,0
"987",2013-12-20,300.29,1024.07,0,0,0,0
"988",2013-12-23,302.09,1031.15,0,0,0,0
"989",2013-12-24,301.65,1030.09,0,0,0,0
"990",2013-12-25,302.27,1033.11,0,0,0,0
"991",2013-12-26,303.53,1033.4,0,0,0,0
"992",2013-12-27,305.41,1037.67,0,0,1,0
"993",2013-12-30,308.76,1055.58,0,0,1,0
"994",2013-12-31,308.62,1053.74,0,0,1,0
"995",2014-01-02,308.91,1060.06,0,0,0,0
"996",2014-01-03,306.68,1048.32,0,0,0,0
"997",2014-01-06,305.39,1039.53,0,0,0,0
"998",2014-01-07,305.67,1044,0,0,0,0
"999",2014-01-08,308.58,1044.77,0,0,1,0
"1000",2014-01-09,306.32,1044.85,0,0,0,0
"1001",2014-01-10,307.56,1043.08,0,0,0,0
"1002",2014-01-13,308.98,1047.52,0,0,1,0
"1003",2014-01-14,309.41,1041.89,0,0,1,0
"1004",2014-01-15,313.03,1042.38,1,0,1,0
"1005",2014-01-16,314.43,1044.45,0,0,1,0
"1006",2014-01-17,314.63,1043.51,0,0,1,0
"1007",2014-01-20,316.37,1048.02,0,0,1,0
"1008",2014-01-21,314.45,1048.88,0,0,0,0
"1009",2014-01-22,315.39,1051.04,0,0,0,0
"1010",2014-01-23,314.35,1043.11,0,0,0,0
"1011",2014-01-24,314.71,1043.37,0,0,0,0
"1012",2014-01-27,309.24,1025.73,0,0,0,0
"1013",2014-02-05,301.45,999.19,0,0,0,0
"1014",2014-02-06,304.27,1002.3,0,0,0,0
"1015",2014-02-07,307.63,1010.75,0,0,0,0
"1016",2014-02-10,306.94,1009.58,0,0,0,0
"1017",2014-02-11,308.36,1013.19,0,0,0,0
"1018",2014-02-12,312.57,1022.21,0,0,0,0
"1019",2014-02-13,311.52,1015.4,0,0,0,0
"1020",2014-02-14,313.42,1022.57,0,0,1,0
"1021",2014-02-17,314.12,1019.67,0,0,1,0
"1022",2014-02-18,315.23,1027.77,0,0,1,0
"1023",2014-02-19,316.29,1028.95,1,0,1,0
"1024",2014-02-20,314.25,1021.66,0,0,0,0
"1025",2014-02-21,317.16,1031.71,0,0,1,0
"1026",2014-02-24,316.17,1014.28,0,0,1,0
"1027",2014-02-25,317.18,1011.71,0,0,1,0
"1028",2014-02-26,318.58,1010.45,0,0,1,0
"1029",2014-02-27,320.03,1013.84,0,0,1,0
"1030",2014-03-03,319.26,1002.92,0,0,1,0
"1031",2014-03-04,317.49,995.63,0,0,0,0
"1032",2014-03-05,321.78,998.61,0,0,1,0
"1033",2014-03-06,326.29,1008.55,0,0,1,0
"1034",2014-03-07,326.76,1012.4,0,0,0,0
"1035",2014-03-10,324.77,1002.44,0,0,0,0
"1036",2014-03-11,327.18,997.96,0,0,1,0
"1037",2014-03-12,326.39,999.51,0,0,0,0
"1038",2014-03-13,331.1,999.38,0,0,1,0
"1039",2014-03-14,328.86,993.07,0,0,0,0
"1040",2014-03-17,329.24,992.86,0,0,0,0
"1041",2014-03-18,329.93,1000.2,0,0,0,0
"1042",2014-03-19,328.14,992.72,1,0,0,0
"1043",2014-03-20,324.11,979.34,0,0,0,0
"1044",2014-03-21,323.91,978.02,0,0,0,0
"1045",2014-03-24,324.92,979.59,0,0,0,0
"1046",2014-03-25,328.14,984.97,0,0,0,0
"1047",2014-03-26,331.42,987.7,0,0,1,0
"1048",2014-03-27,332.25,989.67,0,0,1,0
"1049",2014-03-28,332.21,994.27,0,0,0,0
"1050",2014-03-31,335.33,996.17,0,0,1,0
"1051",2014-04-01,337.23,996.13,0,0,1,0
"1052",2014-04-02,339.45,995.43,0,0,1,0
"1053",2014-04-03,337.46,996.26,0,0,0,0
"1054",2014-04-07,337.03,994.43,0,0,0,0
"1055",2014-04-08,338.14,995.93,0,0,0,0
"1056",2014-04-09,340.17,998.69,0,0,1,0
"1057",2014-04-10,340.48,1006.86,0,0,0,0
"1058",2014-04-11,338.8,1005.07,0,0,0,0
"1059",2014-04-14,336.53,1001.18,0,0,0,0
"1060",2014-04-15,339.9,998,0,0,0,0
"1061",2014-04-16,340.02,996.06,1,0,1,0
"1062",2014-04-17,340.92,998.84,0,0,1,0
"1063",2014-04-18,342.87,998.5,0,0,1,0
"1064",2014-04-21,342.83,994.38,0,0,1,0
"1065",2014-04-22,344.53,995.86,0,0,1,0
"1066",2014-04-23,344.33,991.76,0,0,1,0
"1067",2014-04-24,344.29,988.05,0,0,1,0
"1068",2014-04-25,337.6,972.54,0,0,0,0
"1069",2014-04-28,340.55,968.79,0,0,0,0
"1070",2014-04-29,343.44,972.22,0,0,1,0
"1071",2014-04-30,339.15,963.21,0,0,0,0
"1072",2014-05-02,343.3,970.3,0,0,1,0
"1073",2014-05-05,344.62,964.85,0,0,1,0
"1074",2014-05-06,346.37,981.96,0,0,0,0
"1075",2014-05-07,346.07,976.72,0,0,0,0
"1076",2014-05-08,347.06,986.78,0,0,0,0
"1077",2014-05-09,345.17,982.37,0,0,0,0
"1078",2014-05-12,341.31,978.11,0,0,0,0
"1079",2014-05-13,342.35,978.65,0,0,0,0
"1080",2014-05-14,345.43,985.55,0,0,0,0
"1081",2014-05-15,346.22,987.15,0,0,0,0
"1082",2014-05-16,346.6,991.89,0,0,0,0
"1083",2014-05-19,347.09,995.29,0,0,0,0
"1084",2014-05-20,347.62,989.66,0,0,0,0
"1085",2014-05-21,346.32,983.89,1,0,0,0
"1086",2014-05-22,351.86,992.31,0,0,1,0
"1087",2014-05-23,353.61,998.96,0,0,1,0
"1088",2014-05-26,354.74,1001.36,0,0,1,0
"1089",2014-05-27,355.54,1005.05,0,0,1,0
"1090",2014-05-28,358.51,1018.46,0,0,1,0
"1091",2014-05-29,357.46,1019.29,0,0,0,0
"1092",2014-05-30,355.22,1022.7,0,0,0,0
"1093",2014-06-03,358.13,1022.88,0,0,0,0
"1094",2014-06-04,359.39,1015.95,0,0,1,0
"1095",2014-06-05,360.49,1019.42,0,0,1,0
"1096",2014-06-06,360.01,1020.01,0,0,0,0
"1097",2014-06-09,361.68,1021.29,0,0,1,0
"1098",2014-06-10,364.36,1030.7,0,0,1,0
"1099",2014-06-11,365.09,1029.72,0,0,1,0
"1100",2014-06-12,363.26,1028.51,0,0,0,0
"1101",2014-06-13,362.91,1026.78,0,0,0,0
"1102",2014-06-16,363.23,1027.87,0,0,0,0
"1103",2014-06-17,365.78,1030.46,0,0,1,0
"1104",2014-06-18,366.41,1032.04,1,0,1,0
"1105",2014-06-19,368.94,1034.49,0,0,1,0
"1106",2014-06-20,366.71,1031.08,0,0,0,0
"1107",2014-06-23,363.91,1029.88,0,0,0,0
"1108",2014-06-24,364.37,1029.27,0,0,0,0
"1109",2014-06-25,364.29,1030.88,0,0,0,0
"1110",2014-06-26,368.28,1033.38,0,0,0,0
"1111",2014-06-27,367.34,1031.71,0,0,0,0
"1112",2014-06-30,372.24,1037.95,0,0,1,0
"1113",2014-07-01,375.44,1037.05,0,0,1,0
"1114",2014-07-02,379.23,1038,0,0,1,0
"1115",2014-07-03,383.66,1034.04,0,0,1,0
"1116",2014-07-04,383.46,1034.77,0,0,0,0
"1117",2014-07-07,384.65,1033.58,0,0,1,0
"1118",2014-07-08,384.18,1043.84,0,0,0,0
"1119",2014-07-09,381.46,1051.25,0,0,0,0
"1120",2014-07-10,384.29,1067.7,0,0,0,0
"1121",2014-07-11,381.59,1058.29,0,0,0,0
"1122",2014-07-14,380.93,1079.12,0,0,0,0
"1123",2014-07-15,382.34,1099.69,0,0,0,0
"1124",2014-07-16,377.91,1091.39,1,0,0,0
"1125",2014-07-17,371.12,1096.99,0,0,0,0
"1126",2014-07-18,370.47,1096.65,0,0,0,0
"1127",2014-07-21,372.7,1098.67,0,0,0,0
"1128",2014-07-22,375.92,1101.69,0,0,0,0
"1129",2014-07-24,376.9,1113.44,0,0,0,0
"1130",2014-07-25,370.69,1118.33,0,1,0,0
"1131",2014-07-28,366.5,1127.51,0,1,0,0
"1132",2014-07-29,364.59,1110.3,0,0,0,0
"1133",2014-07-30,366.23,1120.97,0,0,0,0
"1134",2014-07-31,359.81,1108.84,0,1,0,0
"1135",2014-08-01,358.93,1091.35,0,0,0,0
"1136",2014-08-04,364.88,1088.13,0,0,0,0
"1137",2014-08-05,357.22,1060.28,0,0,0,0
"1138",2014-08-06,357.71,1070.26,0,0,0,0
"1139",2014-08-07,356.7,1076.8,0,0,0,0
"1140",2014-08-08,355.04,1070.17,0,0,0,0
"1141",2014-08-11,358.78,1084,0,0,0,0
"1142",2014-08-12,359.11,1080.84,0,0,0,0
"1143",2014-08-13,361.91,1088.01,0,0,0,0
"1144",2014-08-14,363.54,1087.36,0,0,0,0
"1145",2014-08-15,363.05,1081.81,0,0,0,0
"1146",2014-08-18,361,1073.07,0,0,0,0
"1147",2014-08-19,364.87,1083.1,0,0,0,0
"1148",2014-08-20,365.82,1102.56,1,0,0,0
"1149",2014-08-21,363.27,1107.64,0,0,0,0
"1150",2014-08-22,367.48,1124.74,0,0,0,0
"1151",2014-08-25,367.96,1123.34,0,0,0,0
"1152",2014-08-26,368.03,1121.57,0,0,0,0
"1153",2014-08-27,371.88,1130.91,0,0,0,0
"1154",2014-08-28,372.21,1129.87,0,0,0,0
"1155",2014-08-29,371.41,1117.25,0,0,0,0
"1156",2014-09-01,375.89,1125.41,0,0,0,0
"1157",2014-09-02,370.15,1115.34,0,0,0,0
"1158",2014-09-03,371.8,1128.23,0,0,0,0
"1159",2014-09-04,369.93,1129.54,0,0,0,0
"1160",2014-09-05,368.48,1130.14,0,0,0,0
"1161",2014-09-09,369.7,1135.65,0,0,0,0
"1162",2014-09-10,367.08,1128.8,0,0,0,0
"1163",2014-09-11,365.37,1125.79,0,0,0,0
"1164",2014-09-12,359.98,1117.79,0,1,0,0
"1165",2014-09-15,360.16,1110.46,0,0,0,0
"1166",2014-09-16,356.57,1100.03,0,1,0,0
"1167",2014-09-17,360.39,1103.66,1,0,0,0
"1168",2014-09-18,362.1,1111.28,0,0,0,0
"1169",2014-09-19,362.47,1111.3,0,0,0,0
"1170",2014-09-22,357.11,1107.06,0,1,0,0
"1171",2014-09-23,355.29,1099.21,0,1,0,0
"1172",2014-09-24,354.94,1098.37,0,1,0,0
"1173",2014-09-25,350.97,1089.09,0,1,0,0
"1174",2014-09-26,349.46,1085.31,0,1,0,0
"1175",2014-09-29,348.81,1080.91,0,1,0,0
"1176",2014-09-30,348.75,1077.12,0,0,0,0
"1177",2014-10-01,351.38,1071.51,0,0,0,0
"1178",2014-10-02,351.69,1068.46,0,0,0,0
"1179",2014-10-03,357.83,1091.96,0,0,0,0
"1180",2014-10-06,358.22,1086.98,0,0,0,0
"1181",2014-10-07,355.15,1085.95,0,0,0,0
"1182",2014-10-08,350.39,1082.78,0,0,0,0
"1183",2014-10-09,350.24,1093.11,0,1,0,0
"1184",2014-10-13,338.79,1065.82,0,1,0,0
"1185",2014-10-14,341.76,1077.68,0,0,0,0
"1186",2014-10-15,338.36,1061.25,1,0,0,0
"1187",2014-10-16,338.11,1052.4,0,0,0,0
"1188",2014-10-17,334.45,1036.58,0,1,0,0
"1189",2014-10-20,340.68,1055.64,0,0,0,0
"1190",2014-10-21,340.01,1056.91,0,0,0,0
"1191",2014-10-22,344.29,1062.97,0,0,0,0
"1192",2014-10-23,342.94,1064.87,0,0,0,0
"1193",2014-10-24,339.31,1057.17,0,0,0,0
"1194",2014-10-27,339.07,1062.96,0,0,0,0
"1195",2014-10-28,343.97,1090,0,0,0,0
"1196",2014-10-29,349.21,1101.28,0,0,0,0
"1197",2014-10-30,347.93,1097.12,0,0,0,0
"1198",2014-10-31,352.1,1105.37,0,0,0,0
"1199",2014-11-03,354.36,1104.61,0,0,0,0
"1200",2014-11-04,354.25,1101.67,0,0,0,0
"1201",2014-11-05,352.69,1098.29,0,0,0,0
"1202",2014-11-06,349.04,1090.16,0,0,0,0
"1203",2014-11-07,350.88,1089.53,0,0,0,0
"1204",2014-11-10,356.51,1106.04,0,0,0,0
"1205",2014-11-11,355.89,1102.97,0,0,0,0
"1206",2014-11-12,351.94,1086.35,0,0,0,0
"1207",2014-11-13,354.93,1094.34,0,0,0,0
"1208",2014-11-14,355.52,1096.05,0,0,0,0
"1209",2014-11-17,351.39,1084.4,0,0,0,0
"1210",2014-11-18,348.35,1085.2,0,0,0,0
"1211",2014-11-19,353.82,1093.24,1,0,0,0
"1212",2014-11-20,359.52,1099.74,0,0,0,0
"1213",2014-11-21,360.93,1095.78,0,0,1,0
"1214",2014-11-24,360.81,1100.55,0,0,0,0
"1215",2014-11-25,361.69,1094.19,0,0,1,0
"1216",2014-11-26,362.45,1092.78,0,0,1,0
"1217",2014-11-27,364.63,1095.3,0,0,1,0
"1218",2014-11-28,365.46,1098.78,0,0,1,0
"1219",2014-12-01,363.88,1074.48,0,0,1,0
"1220",2014-12-02,359.59,1056.35,0,0,0,0
"1221",2014-12-03,364.99,1075.51,0,0,1,0
"1222",2014-12-04,367.53,1082.83,0,0,1,0
"1223",2014-12-05,365.36,1085.7,0,0,0,0
"1224",2014-12-08,363.47,1087.43,0,0,0,0
"1225",2014-12-09,361.3,1079.27,0,0,0,0
"1226",2014-12-10,357.48,1066.08,0,0,0,0
"1227",2014-12-11,357.25,1062.27,0,0,0,0
"1228",2014-12-12,358.57,1064.9,0,0,0,0
"1229",2014-12-15,357.96,1056.62,0,0,0,0
"1230",2014-12-16,355.03,1053.55,0,0,0,0
"1231",2014-12-17,350.3,1038.53,1,0,0,0
"1232",2014-12-18,352.47,1038.49,0,0,0,0
"1233",2014-12-19,358.2,1054.52,0,0,0,0
"1234",2014-12-22,362.81,1065.34,0,0,0,0
"1235",2014-12-23,361.95,1067.63,0,0,0,0
"1236",2014-12-24,364.7,1074.74,0,0,0,0
"1237",2014-12-25,363.54,1071.03,0,0,0,0
"1238",2014-12-26,366,1076.18,0,0,0,0
"1239",2014-12-27,366.07,1077.22,0,0,0,0
"1240",2014-12-29,369.62,1081.29,0,0,1,0
"1241",2014-12-30,368.98,1081.41,0,0,0,0
"1242",2014-12-31,370.33,1082.86,0,0,1,0
"1243",2015-01-05,370.33,1073.38,0,0,1,0
"1244",2015-01-06,360.37,1048.82,0,0,0,0
"1245",2015-01-07,362.71,1050.65,0,0,0,0
"1246",2015-01-08,369.75,1064.65,0,0,1,0
"1247",2015-01-09,367.25,1066.04,0,0,0,0
"1248",2015-01-12,365.43,1060.28,0,0,0,0
"1249",2015-01-13,366.33,1072.31,0,0,0,0
"1250",2015-01-14,364.27,1063.31,0,0,0,0
"1251",2015-01-15,364.13,1060.11,0,0,0,0
"1252",2015-01-16,364.99,1050.34,0,0,0,0
"1253",2015-01-19,366.73,1054,0,0,0,0
"1254",2015-01-20,369.94,1059.18,0,0,1,0
"1255",2015-01-21,372.54,1066.72,1,0,1,0
"1256",2015-01-22,374.24,1075.71,0,0,1,0
"1257",2015-01-23,380.39,1082.5,0,0,1,0
"1258",2015-01-26,381.68,1079.36,0,0,1,0
"1259",2015-01-27,383.76,1086.31,0,0,1,0
"1260",2015-01-28,383.5,1081.23,0,0,1,0
"1261",2015-01-29,378.82,1074.56,0,0,0,0
"1262",2015-01-30,375.12,1071.5,0,0,0,0
"1263",2015-02-02,376.05,1075.82,0,0,0,0
"1264",2015-02-03,379.16,1076.35,0,0,0,0
"1265",2015-02-04,381.55,1088.33,0,0,0,0
"1266",2015-02-05,381.03,1091.88,0,0,0,0
"1267",2015-02-06,377.5,1088.04,0,0,0,0
"1268",2015-02-09,376.29,1085.82,0,0,0,0
"1269",2015-02-10,373.81,1093.83,0,0,0,0
"1270",2015-02-11,378.71,1094.48,0,0,0,0
"1271",2015-02-12,380.39,1097.77,0,0,0,0
"1272",2015-02-13,381.72,1099.63,0,0,0,0
"1273",2015-02-24,385.76,1114.95,1,0,0,0
"1274",2015-02-25,390.04,1118.36,0,0,1,0
"1275",2015-02-26,386.23,1115.91,0,0,0,0
"1276",2015-03-02,385.6,1109.85,0,0,0,0
"1277",2015-03-03,386.63,1108.02,0,0,0,0
"1278",2015-03-04,387.4,1106.82,0,0,0,0
"1279",2015-03-05,387.35,1098.38,0,0,0,0
"1280",2015-03-06,388.33,1107.95,0,0,0,0
"1281",2015-03-09,384.04,1101.77,0,0,0,0
"1282",2015-03-10,382.54,1106.27,0,0,0,0
"1283",2015-03-11,382.16,1112.94,0,0,0,0
"1284",2015-03-12,384.9,1122.58,0,0,0,0
"1285",2015-03-13,385.3,1110.04,0,0,0,0
"1286",2015-03-16,381.21,1107.11,0,0,0,0
"1287",2015-03-17,382.8,1108.43,0,0,0,0
"1288",2015-03-18,388.06,1120.66,1,0,0,0
"1289",2015-03-19,391.88,1129.05,0,0,1,0
"1290",2015-03-20,392.94,1126.49,0,0,1,0
"1291",2015-03-23,393.65,1129.06,0,0,1,0
"1292",2015-03-24,392.1,1125.78,0,0,0,0
"1293",2015-03-25,389.53,1117.99,0,0,0,0
"1294",2015-03-26,384.4,1124.6,0,0,0,0
"1295",2015-03-27,377.9,1109.99,0,0,0,0
"1296",2015-03-30,378,1116,0,0,0,0
"1297",2015-03-31,380.69,1124.68,0,0,0,0
"1298",2015-04-01,377.64,1116.5,0,0,0,0
"1299",2015-04-02,381.97,1127.76,0,0,0,0
"1300",2015-04-07,382.66,1129.88,0,0,0,0
"1301",2015-04-08,378,1126.28,0,1,0,0
"1302",2015-04-09,376.91,1135.19,0,1,0,0
"1303",2015-04-10,379.69,1141.57,0,0,0,0
"1304",2015-04-13,381.46,1142.87,0,0,0,0
"1305",2015-04-14,379.89,1145.66,0,0,0,0
"1306",2015-04-15,374.74,1138.04,1,1,0,0
"1307",2015-04-16,380.25,1151.28,0,0,0,0
"1308",2015-04-17,375.03,1147.6,0,1,0,0
"1309",2015-04-20,374.27,1148.25,0,1,0,0
"1310",2015-04-21,372.92,1150.17,0,1,0,0
"1311",2015-04-22,376.66,1157.33,0,0,0,0
"1312",2015-04-23,382.73,1211.17,0,0,0,0
"1313",2015-04-24,389.05,1215.54,0,0,0,0
"1314",2015-04-27,389.58,1244.58,0,0,0,0
"1315",2015-04-28,387.2,1254.49,0,0,0,0
"1316",2015-04-29,380.58,1241.08,0,1,0,0
"1317",2015-04-30,379.28,1235.22,0,1,0,0
"1318",2015-05-04,379.74,1254.35,0,1,0,0
"1319",2015-05-05,378.4,1249.19,0,1,0,0
"1320",2015-05-06,378.87,1241.75,0,0,0,0
"1321",2015-05-07,375.8,1213.57,0,0,0,0
"1322",2015-05-08,374.62,1222.45,0,1,0,0
"1323",2015-05-11,373.64,1219.41,0,1,0,0
"1324",2015-05-12,372.09,1227.88,0,1,0,0
"1325",2015-05-13,375.79,1231.08,0,0,0,0
"1326",2015-05-14,372.64,1198.38,0,0,0,0
"1327",2015-05-15,372.11,1203.81,0,0,0,0
"1328",2015-05-18,372.92,1202.08,0,0,0,0
"1329",2015-05-19,377.34,1222.08,0,0,0,0
"1330",2015-05-20,377.1,1218.35,1,0,0,0
"1331",2015-05-21,374.63,1194.41,0,0,0,0
"1332",2015-05-22,377.01,1201.75,0,0,0,0
"1333",2015-05-25,378.66,1202.27,0,0,0,0
"1334",2015-05-26,378.97,1214.29,0,0,0,0
"1335",2015-05-27,379.22,1231.19,0,0,0,0
"1336",2015-05-28,381.97,1224.81,0,0,0,0
"1337",2015-05-29,381.64,1220.23,0,0,0,0
"1338",2015-06-01,377.77,1212.53,0,0,0,0
"1339",2015-06-02,376.97,1210.21,0,0,0,0
"1340",2015-06-03,375.1,1207.99,0,0,0,0
"1341",2015-06-04,366.73,1183.68,0,0,0,0
"1342",2015-06-05,365.81,1188.17,0,1,0,0
"1343",2015-06-08,365.12,1196.82,0,1,0,0
"1344",2015-06-09,357.56,1180.73,0,1,0,0
"1345",2015-06-10,361.21,1194.35,0,0,0,0
"1346",2015-06-11,362.93,1190.65,0,0,0,0
"1347",2015-06-12,363.33,1197.21,0,0,0,0
"1348",2015-06-15,361.48,1196.36,0,0,0,0
"1349",2015-06-16,359.55,1191.87,0,0,0,0
"1350",2015-06-17,360.59,1184.01,1,0,0,0
"1351",2015-06-18,362.13,1184.8,0,0,0,0
"1352",2015-06-22,366.42,1200.3,0,0,0,0
"1353",2015-06-23,368.85,1212.4,0,0,0,0
"1354",2015-06-24,368.63,1208.97,0,0,0,0
"1355",2015-06-25,372.47,1213.8,0,0,0,0
"1356",2015-06-26,371.32,1216.1,0,0,0,0
"1357",2015-06-29,360.39,1190.44,0,0,0,0
"1358",2015-06-30,363.47,1193.36,0,0,0,0
"1359",2015-07-01,366.88,1190.54,0,0,0,0
"1360",2015-07-02,366.8,1193.89,0,0,0,0
"1361",2015-07-03,366.57,1193.42,0,0,0,0
"1362",2015-07-06,362,1177.96,0,0,0,0
"1363",2015-07-07,361.06,1187.73,0,0,0,0
"1364",2015-07-08,349.85,1154.18,0,1,0,0
"1365",2015-07-09,347.43,1141.35,0,1,0,0
"1366",2015-07-13,351.99,1163.97,0,0,0,0
"1367",2015-07-14,351.48,1171.58,0,0,0,0
"1368",2015-07-15,350.59,1179.21,1,1,0,0
"1369",2015-07-16,349.37,1183.99,0,1,0,0
"1370",2015-07-17,349.68,1180.61,0,0,0,0
"1371",2015-07-20,346.91,1176.32,0,1,0,0
"1372",2015-07-21,348.88,1178.77,0,0,0,0
"1373",2015-07-22,344.02,1174.74,0,1,0,0
"1374",2015-07-23,336.04,1165.9,0,1,0,0
"1375",2015-07-24,335.1,1167.46,0,1,0,0
"1376",2015-07-27,325.88,1140.36,0,1,0,0
"1377",2015-07-28,329.09,1127.23,0,0,0,0
"1378",2015-07-29,328.01,1122.11,0,0,0,0
"1379",2015-07-30,331.36,1142.41,0,0,0,0
"1380",2015-07-31,332.36,1146.38,0,0,0,0
"1381",2015-08-03,324.24,1138.05,0,1,0,0
"1382",2015-08-04,322.04,1149.04,0,1,0,0
"1383",2015-08-05,322.17,1155.03,0,1,0,0
"1384",2015-08-06,318.43,1141.32,0,1,0,0
"1385",2015-08-07,318.96,1136.16,0,0,0,0
"1386",2015-08-10,318.13,1141.42,0,1,0,0
"1387",2015-08-11,318.31,1126.81,0,0,0,0
"1388",2015-08-12,315.34,1071.19,0,0,0,0
"1389",2015-08-13,318.42,1065.43,0,0,0,0
"1390",2015-08-14,316.26,1079.62,0,0,0,0
"1391",2015-08-17,311.74,1068.86,0,0,0,0
"1392",2015-08-18,312.76,1044.5,0,0,0,0
"1393",2015-08-19,307.23,1014.41,1,0,0,0
"1394",2015-08-20,307.25,1020.98,0,0,0,0
"1395",2015-08-21,296.96,994.76,0,1,0,0
"1396",2015-08-24,283.79,965.28,0,1,0,0
"1397",2015-08-25,296.7,1000.21,0,0,0,0
"1398",2015-08-26,295.24,1023.94,0,0,0,0
"1399",2015-08-27,300.63,1032.07,0,0,0,0
"1400",2015-08-28,307.57,1051.6,0,0,0,0
"1401",2015-08-31,314.59,1067.53,0,0,0,0
"1402",2015-09-01,308.4,1040.45,0,0,0,0
"1403",2015-09-02,309.8,1037.34,0,0,0,0
"1404",2015-09-03,312.36,1039.34,0,0,0,0
"1405",2015-09-04,307.76,1030.27,0,0,0,0
"1406",2015-09-07,306.76,1029.23,0,0,0,0
"1407",2015-09-08,308.09,1023.69,0,0,0,0
"1408",2015-09-09,320.83,1052.33,0,0,0,0
"1409",2015-09-10,317.9,1052.94,0,0,0,0
"1410",2015-09-11,320.93,1054.68,0,0,0,0
"1411",2015-09-14,321.57,1051.28,0,0,1,0
"1412",2015-09-15,318.24,1048.49,0,0,0,0
"1413",2015-09-16,322.02,1057.13,1,0,0,0
"1414",2015-09-17,325.57,1082.17,0,0,0,0
"1415",2015-09-18,327.15,1077.44,0,0,1,0
"1416",2015-09-21,320.58,1051.19,0,0,0,0
"1417",2015-09-22,322.35,1059.5,0,0,0,0
"1418",2015-09-23,314.36,1040,0,0,0,0
"1419",2015-09-24,312.08,1032.98,0,0,0,0
"1420",2015-09-25,313.38,1021.13,0,0,0,0
"1421",2015-09-30,316.37,1018.37,0,0,0,0
"1422",2015-10-01,321.05,1027.21,0,0,1,0
"1423",2015-10-02,321,1026.67,0,0,1,0
"1424",2015-10-05,322.09,1033,0,0,1,0
"1425",2015-10-06,323.37,1037.08,0,0,1,0
"1426",2015-10-07,327.29,1048.36,0,0,1,0
"1427",2015-10-08,326.65,1039.66,0,0,1,0
"1428",2015-10-12,331.1,1049.49,0,0,1,0
"1429",2015-10-13,330.65,1054.71,0,0,0,0
"1430",2015-10-14,329.42,1049.32,0,0,0,0
"1431",2015-10-15,333.06,1052.66,0,0,1,0
"1432",2015-10-16,332.46,1061.06,0,0,0,0
"1433",2015-10-19,332.02,1070.85,0,0,0,0
"1434",2015-10-20,332.73,1071.92,0,0,0,0
"1435",2015-10-21,330.75,1063.18,1,0,0,0
"1436",2015-10-22,331.35,1063.36,0,0,0,0
"1437",2015-10-23,333.91,1073.8,0,0,0,0
"1438",2015-10-26,337.44,1078.5,0,0,1,0
"1439",2015-10-27,335.39,1074.19,0,0,0,0
"1440",2015-10-28,333.84,1071.64,0,0,0,0
"1441",2015-10-29,330.28,1057.29,0,0,0,0
"1442",2015-10-30,329.72,1056.68,0,0,0,0
"1443",2015-11-02,332.63,1062.27,0,0,0,0
"1444",2015-11-03,336.6,1077.41,0,0,0,0
"1445",2015-11-04,343.55,1087.68,0,0,1,0
"1446",2015-11-05,343.23,1095.57,0,0,0,0
"1447",2015-11-06,337.2,1071.91,0,0,0,0
"1448",2015-11-09,335.58,1071.94,0,0,0,0
"1449",2015-11-10,331.99,1052.83,0,0,0,0
"1450",2015-11-11,326,1045.85,0,0,0,0
"1451",2015-11-12,326.92,1043.85,0,0,0,0
"1452",2015-11-13,323.15,1037.9,0,0,0,0
"1453",2015-11-16,321.86,1038.21,0,0,0,0
"1454",2015-11-17,328.11,1047.11,0,0,0,0
"1455",2015-11-18,325.32,1033.98,1,0,0,0
"1456",2015-11-19,330.95,1049.91,0,0,0,0
"1457",2015-11-20,331.26,1042.48,0,0,0,0
"1458",2015-11-23,332,1041.45,0,0,0,0
"1459",2015-11-24,328.06,1041.68,0,0,0,0
"1460",2015-11-25,327.92,1037.44,0,0,0,0
"1461",2015-11-26,331.84,1043.68,0,0,0,0
"1462",2015-11-27,328.05,1036.18,0,0,0,0
"1463",2015-11-30,325.77,1023.87,0,0,0,0
"1464",2015-12-01,332.54,1037.06,0,0,0,0
"1465",2015-12-02,332.92,1032.18,0,0,0,0
"1466",2015-12-03,332.85,1031.11,0,0,0,0
"1467",2015-12-04,331.24,1019.6,0,0,0,0
"1468",2015-12-07,334.52,1019.72,0,0,0,0
"1469",2015-12-08,330.73,1002.68,0,0,0,0
"1470",2015-12-09,326.25,987.26,0,0,0,0
"1471",2015-12-10,325.99,989.28,0,0,0,0
"1472",2015-12-11,321.94,975.47,0,0,0,0
"1473",2015-12-14,318.23,966.58,0,0,0,0
"1474",2015-12-15,319.5,966.13,0,0,0,0
"1475",2015-12-16,324.42,971.44,1,0,0,0
"1476",2015-12-17,330.22,994.26,0,0,0,0
"1477",2015-12-18,327.87,978.73,0,0,0,0
"1478",2015-12-21,329.25,976.64,0,0,1,0
"1479",2015-12-22,329.01,981.47,0,0,0,0
"1480",2015-12-23,329.11,987.97,0,0,0,0
"1481",2015-12-24,328.81,991.86,0,0,0,0
"1482",2015-12-25,330.71,993.98,0,0,0,0
"1483",2015-12-28,330.35,995.33,0,0,0,0
"1484",2015-12-29,327.24,988.92,0,0,0,0
"1485",2015-12-30,326.64,982.2,0,0,0,0
"1486",2015-12-31,327.73,992.13,0,0,0,0
"1487",2016-01-04,320.5,957.25,0,0,0,0
"1488",2016-01-05,318.9,948.31,0,0,0,0
"1489",2016-01-06,313.76,937.64,0,0,0,0
"1490",2016-01-07,307.68,917.43,0,1,0,0
"1491",2016-01-08,310.47,919.83,0,0,0,0
"1492",2016-01-11,306.6,899.86,0,0,0,0
"1493",2016-01-12,305.62,900.78,0,0,0,0
"1494",2016-01-13,307.85,899.75,0,0,0,0
"1495",2016-01-14,304.7,883.77,0,0,0,0
"1496",2016-01-15,307.73,866.14,0,0,0,0
"1497",2016-01-18,309.69,866.45,0,0,0,0
"1498",2016-01-19,311.96,870.89,0,0,0,0
"1499",2016-01-20,304.55,851.06,1,0,0,0
"1500",2016-01-21,304.75,838.72,0,0,0,0
"1501",2016-01-22,309.9,843.75,0,0,0,0
"1502",2016-01-25,314.96,867.87,0,0,0,0
"1503",2016-01-26,312.63,854.97,0,0,0,0
"1504",2016-01-27,314.23,855.15,0,0,1,0
"1505",2016-01-28,316.06,862.02,0,0,1,0
"1506",2016-01-29,322.38,896.59,0,0,1,0
"1507",2016-01-30,323.83,919.8,0,0,0,0
"1508",2016-02-01,324.63,913.64,0,0,1,0
"1509",2016-02-02,323.27,907.77,0,0,0,0
"1510",2016-02-03,322.21,889.9,0,0,1,0
"1511",2016-02-15,321.98,880.97,0,0,1,0
"1512",2016-02-16,327.89,909.22,0,0,1,0
"1513",2016-02-17,328.87,898.9,1,0,1,0
"1514",2016-02-18,333.02,909.66,0,0,1,0
"1515",2016-02-19,333.46,911,0,0,1,0
"1516",2016-02-22,333.43,910.73,0,0,1,0
"1517",2016-02-23,332.94,913.53,0,0,0,0
"1518",2016-02-24,330.08,907.27,0,0,0,0
"1519",2016-02-25,334.4,915.03,0,0,1,0
"1520",2016-02-26,335.05,923.37,0,0,0,0
"1521",2016-03-01,339.07,922.14,0,0,1,0
"1522",2016-03-02,341.51,934.88,0,0,1,0
"1523",2016-03-03,343.02,955.88,0,0,0,0
"1524",2016-03-04,343.44,961.16,0,0,0,0
"1525",2016-03-07,342.16,966.05,0,0,0,0
"1526",2016-03-08,342.76,964.16,0,0,0,0
"1527",2016-03-09,342.75,958.97,0,0,0,0
"1528",2016-03-10,344.25,959.13,0,0,0,0
"1529",2016-03-11,346.38,963.77,0,0,1,0
"1530",2016-03-14,349.39,967.25,0,0,1,0
"1531",2016-03-15,343.9,948.43,0,0,0,0
"1532",2016-03-16,347.76,956.79,1,0,0,0
"1533",2016-03-17,349.03,964.62,0,0,0,0
"1534",2016-03-18,351.72,968.78,0,0,1,0
"1535",2016-03-21,352.44,964.88,0,0,1,0
"1536",2016-03-22,350.09,960.97,0,0,0,0
"1537",2016-03-23,349.44,961.04,0,0,0,0
"1538",2016-03-24,348.3,956.62,0,0,0,0
"1539",2016-03-25,346.51,955.11,0,0,0,0
"1540",2016-03-28,346.13,952.5,0,0,0,0
"1541",2016-03-29,344.26,944.41,0,0,0,0
"1542",2016-03-30,349.58,955.44,0,0,0,0
"1543",2016-03-31,349.78,959.41,0,0,0,0
"1544",2016-04-01,345.16,949.56,0,0,0,0
"1545",2016-04-06,338.79,932.15,0,0,0,0
"1546",2016-04-07,338.78,925.8,0,0,0,0
"1547",2016-04-08,341.35,927.78,0,0,0,0
"1548",2016-04-11,342.66,927.39,0,0,0,0
"1549",2016-04-12,340.61,927.41,0,0,0,0
"1550",2016-04-13,345.73,938.69,0,0,0,0
"1551",2016-04-14,345.46,941.06,0,0,0,0
"1552",2016-04-15,345.48,946.54,0,0,0,0
"1553",2016-04-18,343.82,944.85,0,0,0,0
"1554",2016-04-19,341.48,940.26,0,0,0,0
"1555",2016-04-20,336.3,932.42,1,0,0,0
"1556",2016-04-21,339.22,935.38,0,0,0,0
"1557",2016-04-22,337.42,937.7,0,0,0,0
"1558",2016-04-25,338.07,941.85,0,0,0,0
"1559",2016-04-26,339.18,946.06,0,0,0,0
"1560",2016-04-27,337.53,943.51,0,1,0,0
"1561",2016-04-28,332.84,933.3,0,1,0,0
"1562",2016-04-29,328.35,935.06,0,1,0,0
"1563",2016-05-03,324.08,934.27,0,1,0,0
"1564",2016-05-04,321.13,924.81,0,1,0,0
"1565",2016-05-05,320.45,917.92,0,0,0,0
"1566",2016-05-06,319.35,910.23,0,0,0,0
"1567",2016-05-09,319.4,907.02,0,0,0,0
"1568",2016-05-10,321.03,910.3,0,0,0,0
"1569",2016-05-11,320.38,903.42,0,0,0,0
"1570",2016-05-12,318.7,902.76,0,0,0,0
"1571",2016-05-13,316.8,898.57,0,1,0,0
"1572",2016-05-16,317.54,898.37,0,0,0,0
"1573",2016-05-17,320.71,905.62,0,0,0,0
"1574",2016-05-18,321.23,908.12,1,0,0,0
"1575",2016-05-19,319.37,903.8,0,0,0,0
"1576",2016-05-20,321.18,905.46,0,0,0,0
"1577",2016-05-23,331.62,927.18,0,0,0,0
"1578",2016-05-24,329.27,920.32,0,0,0,0
"1579",2016-05-25,333.9,932.1,0,0,0,0
"1580",2016-05-26,334.69,930.47,0,0,0,0
"1581",2016-05-27,337.45,941.92,0,0,0,0
"1582",2016-05-30,340,950.88,0,0,0,0
"1583",2016-05-31,340.26,952.24,0,0,0,0
"1584",2016-06-01,343.69,958.17,0,0,0,0
"1585",2016-06-02,341.74,955.97,0,0,0,0
"1586",2016-06-03,344.29,955.53,0,0,0,0
"1587",2016-06-04,344.36,951.24,0,0,0,0
"1588",2016-06-06,345.29,953.07,0,0,1,0
"1589",2016-06-07,348.53,960.45,0,0,1,0
"1590",2016-06-08,351.28,963.42,0,0,1,0
"1591",2016-06-13,343.52,944.46,0,0,0,0
"1592",2016-06-14,345.63,953.08,0,0,0,0
"1593",2016-06-15,346.8,954.77,1,0,0,0
"1594",2016-06-16,342.38,937.44,0,0,0,0
"1595",2016-06-17,345.81,948.63,0,0,0,0
"1596",2016-06-20,348,954.57,0,0,0,0
"1597",2016-06-21,350.47,959.28,0,0,0,0
"1598",2016-06-22,351.69,960.01,0,0,1,0
"1599",2016-06-23,350.23,956.08,0,0,0,0
"1600",2016-06-24,341.47,932.72,0,0,0,0
"1601",2016-06-27,340.25,920.09,0,0,0,0
"1602",2016-06-28,343.08,923.93,0,0,0,0
"1603",2016-06-29,346.75,930.66,0,0,0,0
"1604",2016-06-30,350.9,937.4,0,0,1,0
"1605",2016-07-01,354.31,939.81,0,0,1,0
"1606",2016-07-04,356.11,940.5,0,0,1,0
"1607",2016-07-05,353.46,940.16,0,0,0,0
"1608",2016-07-06,347.69,924.88,0,0,0,0
"1609",2016-07-07,351.41,923.4,0,0,0,0
"1610",2016-07-11,359.1,934.91,0,0,1,0
"1611",2016-07-12,360.84,941.56,0,0,1,0
"1612",2016-07-13,360.33,952.72,0,0,0,0
"1613",2016-07-14,360.2,957.99,0,0,0,0
"1614",2016-07-15,363.69,971.45,0,0,0,0
"1615",2016-07-18,365.9,980.22,0,0,0,0
"1616",2016-07-19,367.09,987.37,0,0,1,0
"1617",2016-07-20,365.82,982.31,1,0,0,0
"1618",2016-07-21,368.31,985.05,0,0,1,0
"1619",2016-07-22,366.32,980.11,0,0,0,0
"1620",2016-07-25,365.47,979.84,0,0,0,0
"1621",2016-07-26,367.56,981.6,0,0,0,0
"1622",2016-07-27,370.28,982.28,0,0,1,0
"1623",2016-07-28,370.96,985.49,0,0,1,0
"1624",2016-07-29,366.5,975.45,0,0,0,0
"1625",2016-08-01,371.76,980.84,0,0,1,0
"1626",2016-08-02,371.4,977.75,0,0,1,0
"1627",2016-08-03,367.74,974.05,0,0,0,0
"1628",2016-08-04,369.29,976.24,0,0,0,0
"1629",2016-08-05,372,982.93,0,0,0,0
"1630",2016-08-08,375.12,995.39,0,0,1,0
"1631",2016-08-09,374.56,1000.5,0,0,0,0
"1632",2016-08-10,375.22,1009.48,0,0,0,0
"1633",2016-08-11,371.27,1003.02,0,0,0,0
"1634",2016-08-12,370.79,1006.34,0,0,0,0
"1635",2016-08-15,372.39,996.86,0,0,0,0
"1636",2016-08-16,369.94,997.86,0,0,0,0
"1637",2016-08-17,369.99,1000.05,1,0,0,0
"1638",2016-08-18,369.59,1005.99,0,0,0,0
"1639",2016-08-19,366.74,991.37,0,0,0,0
"1640",2016-08-22,365.12,977.41,0,0,0,0
"1641",2016-08-23,366.94,985.98,0,0,0,0
"1642",2016-08-24,367.18,976.88,0,0,0,0
"1643",2016-08-25,372.25,992.29,0,0,0,0
"1644",2016-08-26,372.59,994.57,0,0,0,0
"1645",2016-08-29,371.6,998.02,0,0,0,0
"1646",2016-08-30,370.79,1007.19,0,0,0,0
"1647",2016-08-31,370.04,998.06,0,0,0,0
"1648",2016-09-01,367.78,987.97,0,0,0,0
"1649",2016-09-02,365.96,993.27,0,1,0,0
"1650",2016-09-05,370.6,1004.43,0,0,0,0
"1651",2016-09-06,374.63,1013.6,0,0,0,0
"1652",2016-09-07,378.49,1018.07,0,0,1,0
"1653",2016-09-08,377.98,1023.59,0,0,0,0
"1654",2016-09-09,373.48,1012.46,0,0,0,0
"1655",2016-09-10,368.89,999.05,0,0,0,0
"1656",2016-09-12,364.35,994.31,0,1,0,0
"1657",2016-09-13,364.64,989.7,0,0,0,0
"1658",2016-09-14,363.4,984.71,0,0,0,0
"1659",2016-09-19,376.49,1004.94,0,0,0,0
"1660",2016-09-20,376.69,1005.64,0,0,0,0
"1661",2016-09-21,378.81,1010.77,1,0,1,0
"1662",2016-09-22,379.01,1010.58,0,0,1,0
"1663",2016-09-23,381.52,1014.8,0,0,1,0
"1664",2016-09-26,376.4,1004.86,0,0,0,0
"1665",2016-09-29,379.95,1014.55,0,0,0,0
"1666",2016-09-30,375.48,1001.41,0,0,0,0
"1667",2016-10-03,379.46,1001.77,0,0,0,0
"1668",2016-10-04,381.68,1008.79,0,0,1,0
"1669",2016-10-05,381.22,1005.99,0,0,0,0
"1670",2016-10-06,382,1004.12,0,0,1,0
"1671",2016-10-07,380.83,999.28,0,0,0,0
"1672",2016-10-11,379.3,996.48,0,0,0,0
"1673",2016-10-12,381.48,1004.94,0,0,0,0
"1674",2016-10-13,379.84,996.1,0,0,0,0
"1675",2016-10-14,377.13,992.84,0,0,0,0
"1676",2016-10-17,377.89,991.06,0,0,0,0
"1677",2016-10-18,378.78,999.48,0,0,0,0
"1678",2016-10-19,381.06,1001.19,1,0,0,0
"1679",2016-10-20,381.99,1001.55,0,0,1,0
"1680",2016-10-21,381.6,1001.18,0,0,0,0
"1681",2016-10-24,383.74,999.19,0,0,1,0
"1682",2016-10-25,386.73,1003.61,0,0,1,0
"1683",2016-10-26,385.39,1001.11,0,0,0,0
"1684",2016-10-27,382.01,999.28,0,0,0,0
"1685",2016-10-28,381.98,1001.27,0,0,0,0
"1686",2016-10-31,380.89,999.7,0,0,0,0
"1687",2016-11-01,380.67,998.4,0,0,0,0
"1688",2016-11-02,374.36,992.58,0,0,0,0
"1689",2016-11-03,370.97,985.96,0,0,0,0
"1690",2016-11-04,370.7,989.2,0,0,0,0
"1691",2016-11-07,376.42,993.71,0,0,0,0
"1692",2016-11-08,376.08,1001.58,0,0,0,0
"1693",2016-11-09,363.71,975.53,0,0,0,0
"1694",2016-11-10,371.54,1005.09,0,0,0,0
"1695",2016-11-11,361.05,1008.68,0,1,0,0
"1696",2016-11-14,359.09,1031.15,0,1,0,0
"1697",2016-11-15,358.33,1026.61,0,1,0,0
"1698",2016-11-16,359.79,1028.88,1,0,0,0
"1699",2016-11-17,361.79,1029.19,0,0,0,0
"1700",2016-11-18,363.77,1024.04,0,0,0,0
"1701",2016-11-21,364.28,1035.08,0,0,0,0
"1702",2016-11-22,368.2,1037.67,0,0,0,0
"1703",2016-11-23,370.56,1040.18,0,0,0,0
"1704",2016-11-24,367.73,1052.5,0,0,0,0
"1705",2016-11-25,366.89,1064.34,0,0,0,0
"1706",2016-11-28,369.64,1069.92,0,0,0,0
"1707",2016-11-29,368.7,1060.71,0,0,0,0
"1708",2016-11-30,369.69,1062.53,0,0,0,0
"1709",2016-12-01,369.6,1072.65,0,0,0,0
"1710",2016-12-02,364.48,1073.93,0,1,0,0
"1711",2016-12-05,364.3,1070.27,0,0,0,0
"1712",2016-12-06,368.24,1076.48,0,0,0,0
"1713",2016-12-07,369.13,1075.7,0,0,0,0
"1714",2016-12-08,374.25,1087.21,0,0,0,0
"1715",2016-12-09,374.47,1090.98,0,0,0,0
"1716",2016-12-12,372.51,1089.72,0,0,0,0
"1717",2016-12-13,373.49,1097.85,0,0,0,0
"1718",2016-12-14,374.37,1084.06,0,0,0,0
"1719",2016-12-15,374.4,1096.09,0,0,0,0
"1720",2016-12-16,372.2,1095.78,0,0,0,0
"1721",2016-12-19,368.1,1085.53,0,0,0,0
"1722",2016-12-20,368.56,1084.53,0,0,0,0
"1723",2016-12-21,366.36,1079.24,1,0,0,0
"1724",2016-12-22,364.24,1060,0,0,0,0
"1725",2016-12-23,363.06,1057.1,0,0,0,0
"1726",2016-12-26,364.26,1068.17,0,0,0,0
"1727",2016-12-27,364.75,1062.7,0,0,0,0
"1728",2016-12-28,368.26,1074.71,0,0,0,0
"1729",2016-12-29,366.43,1066.07,0,0,0,0
"1730",2016-12-30,369.64,1076.77,0,0,0,0
"1731",2017-01-03,371.3,1076.95,0,0,0,0
"1732",2017-01-04,372,1077.2,0,0,0,0
"1733",2017-01-05,374.71,1085.46,0,0,0,0
"1734",2017-01-06,375.87,1087.28,0,0,0,0
"1735",2017-01-09,374.56,1085.43,0,0,0,0
"1736",2017-01-10,375.24,1088.1,0,0,0,0
"1737",2017-01-11,374.6,1089.87,0,0,0,0
"1738",2017-01-12,377.49,1093.95,0,0,0,0
"1739",2017-01-13,375.71,1088.25,0,0,0,0
"1740",2017-01-16,372.88,1074.09,0,0,0,0
"1741",2017-01-17,375.89,1078.57,0,0,1,0
"1742",2017-01-18,375.88,1073.05,1,0,1,0
"1743",2017-01-19,375.13,1069.43,0,0,0,0
"1744",2017-01-20,375.79,1071.29,0,0,1,0
"1745",2017-01-23,380.09,1078.24,0,0,1,0
"1746",2017-01-24,381.07,1077.9,0,0,1,0
"1747",2017-02-02,380.89,1071.66,0,0,1,0
"1748",2017-02-03,381.72,1070.04,0,0,1,0
"1749",2017-02-06,383.84,1089.39,0,0,0,0
"1750",2017-02-07,384.37,1092.99,0,0,0,0
"1751",2017-02-08,384.38,1089.76,0,0,1,0
"1752",2017-02-09,386.84,1091.29,0,0,1,0
"1753",2017-02-10,388.97,1101.05,0,0,1,0
"1754",2017-02-13,391.37,1103.09,0,0,1,0
"1755",2017-02-14,391.79,1104.92,0,0,1,0
"1756",2017-02-15,394.12,1110.98,1,0,1,0
"1757",2017-02-16,393.23,1113.62,0,0,0,0
"1758",2017-02-17,393.24,1110.47,0,0,0,0
"1759",2017-02-18,394.3,1110.54,0,0,1,0
"1760",2017-02-20,393.74,1106.54,0,0,0,0
"1761",2017-02-21,393.93,1108.29,0,0,0,0
"1762",2017-02-22,394.23,1106.78,0,0,1,0
"1763",2017-02-23,394.57,1101.45,0,0,1,0
"1764",2017-02-24,394.1,1099.69,0,0,0,0
"1765",2017-03-01,390.22,1096.53,0,0,0,0
"1766",2017-03-02,390.8,1103.1,0,0,0,0
"1767",2017-03-03,388.78,1098.95,0,0,0,0
"1768",2017-03-06,389.61,1106.15,0,0,0,0
"1769",2017-03-07,391.93,1107.23,0,0,0,0
"1770",2017-03-08,393.36,1113.55,0,0,0,0
"1771",2017-03-09,389.97,1109.01,0,0,0,0
"1772",2017-03-10,388.66,1112.85,0,0,0,0
"1773",2017-03-13,392.45,1120.09,0,0,0,0
"1774",2017-03-14,394.01,1122.69,0,0,0,0
"1775",2017-03-15,393.85,1124.6,1,0,0,0
"1776",2017-03-16,398.54,1126.17,0,0,1,0
"1777",2017-03-17,402.14,1131.42,0,0,1,0
"1778",2017-03-20,402.6,1131.74,0,0,1,0
"1779",2017-03-21,406.36,1131.35,0,0,1,0
"1780",2017-03-22,404.38,1127.05,0,0,0,0
"1781",2017-03-23,404.77,1131.06,0,0,0,0
"1782",2017-03-24,403.15,1127.14,0,0,0,0
"1783",2017-03-27,402.79,1121.27,0,0,0,0
"1784",2017-03-28,403.18,1117.1,0,0,0,0
"1785",2017-03-29,401.43,1119.83,0,0,0,0
"1786",2017-03-30,401.64,1116.69,0,0,0,0
"1787",2017-03-31,399.52,1112.9,0,0,0,0
"1788",2017-04-05,407.32,1116.19,0,0,1,0
"1789",2017-04-06,404.94,1113.03,0,0,0,0
"1790",2017-04-07,404.13,1106.08,0,0,0,0
"1791",2017-04-10,403.64,1109.47,0,0,0,0
"1792",2017-04-11,401.99,1102.3,0,0,0,0
"1793",2017-04-12,401.71,1102.34,0,0,0,0
"1794",2017-04-13,402.57,1101.56,0,0,0,0
"1795",2017-04-14,398.82,1088.57,0,0,0,0
"1796",2017-04-17,398.2,1084.99,0,0,0,0
"1797",2017-04-18,399.2,1083.43,0,0,0,0
"1798",2017-04-19,395.31,1071.31,1,0,0,0
"1799",2017-04-20,395.04,1074.96,0,0,0,0
"1800",2017-04-21,399.62,1080.89,0,0,0,0
"1801",2017-04-24,399.56,1082.58,0,0,0,0
"1802",2017-04-25,404.69,1099.95,0,0,0,0
"1803",2017-04-26,405.27,1100.36,0,0,1,0
"1804",2017-04-27,406.54,1098.48,0,0,1,0
"1805",2017-04-28,408.08,1095.76,0,0,1,0
"1806",2017-05-02,411.14,1106.48,0,0,1,0
"1807",2017-05-03,412.44,1110.29,0,0,1,0
"1808",2017-05-04,413.47,1112.41,0,0,1,0
"1809",2017-05-05,411.11,1106.14,0,0,0,0
"1810",2017-05-08,414.55,1108.17,0,0,1,0
"1811",2017-05-09,415.37,1105.36,0,0,1,0
"1812",2017-05-10,418.07,1106.86,0,0,1,0
"1813",2017-05-11,419.17,1110.36,0,0,1,0
"1814",2017-05-12,417.56,1111.65,0,0,0,0
"1815",2017-05-15,419.98,1118.52,0,0,0,0
"1816",2017-05-16,417.94,1123.07,0,0,0,0
"1817",2017-05-17,417.4,1124.96,1,0,0,0
"1818",2017-05-18,416.07,1115.13,0,0,0,0
"1819",2017-05-19,415.29,1110.91,0,0,0,0
"1820",2017-05-22,417.87,1111.87,0,0,0,0
"1821",2017-05-23,418.86,1108.96,0,0,0,0
"1822",2017-05-24,420.21,1108.74,0,0,1,0
"1823",2017-05-25,422.96,1113.93,0,0,1,0
"1824",2017-05-26,422.55,1111.39,0,0,0,0
"1825",2017-05-31,418.51,1099.37,0,0,0,0
"1826",2017-06-01,422.76,1099.31,0,0,1,0
"1827",2017-06-02,426.48,1103.08,0,0,1,0
"1828",2017-06-03,426.85,1105.27,0,0,1,0
"1829",2017-06-05,430.8,1106.73,0,0,1,0
"1830",2017-06-06,429.86,1102.86,0,0,0,0
"1831",2017-06-07,429.78,1102.17,0,0,0,0
"1832",2017-06-08,431.66,1104.16,0,0,1,0
"1833",2017-06-09,430.42,1100.95,0,0,0,0
"1834",2017-06-12,424.69,1104.9,0,0,0,0
"1835",2017-06-13,424.48,1107.77,0,0,0,0
"1836",2017-06-14,421.88,1102.57,0,0,0,0
"1837",2017-06-15,423.31,1104.55,0,0,0,0
"1838",2017-06-16,428.11,1104.56,0,0,0,0
"1839",2017-06-19,433.43,1110.72,0,0,1,0
"1840",2017-06-20,438.44,1116.11,0,0,1,0
"1841",2017-06-21,438.75,1115.08,1,0,1,0
"1842",2017-06-22,441.09,1117.91,0,0,1,0
"1843",2017-06-23,440.03,1116.11,0,0,0,0
"1844",2017-06-26,444.13,1136.45,0,0,1,0
"1845",2017-06-27,442.67,1139.58,0,0,0,0
"1846",2017-06-28,437.44,1132.98,0,0,0,0
"1847",2017-06-29,438.93,1143.51,0,0,0,0
"1848",2017-06-30,436.71,1142.98,0,0,0,0
"1849",2017-07-03,436.94,1134.65,0,0,0,0
"1850",2017-07-04,432.27,1139.39,0,0,0,0
"1851",2017-07-05,435.92,1139.99,0,0,0,0
"1852",2017-07-06,435.08,1136.36,0,0,0,0
"1853",2017-07-07,432.18,1129.85,0,0,0,0
"1854",2017-07-10,432.65,1132.15,0,0,0,0
"1855",2017-07-11,440.19,1140.48,0,0,0,0
