Date,Code,Name,Price
2016/1/4,TWA00,加權指數,8114.26
2016/1/5,TWA00,加權指數,8075.11
2016/1/6,TWA00,加權指數,7990.39
2016/1/7,TWA00,加權指數,7852.06
2016/1/8,TWA00,加權指數,7893.97
2016/1/11,TWA00,加權指數,7788.42
2016/1/12,TWA00,加權指數,7768.45
2016/1/13,TWA00,加權指數,7824.61
2016/1/14,TWA00,加權指數,7742.88
2016/1/15,TWA00,加權指數,7762.01
2016/1/18,TWA00,加權指數,7811.18
2016/1/19,TWA00,加權指數,7854.88
2016/1/20,TWA00,加權指數,7699.12
2016/1/21,TWA00,加權指數,7664.01
2016/1/22,TWA00,加權指數,7756.18
2016/1/25,TWA00,加權指數,7894.15
2016/1/26,TWA00,加權指數,7828.67
2016/1/27,TWA00,加權指數,7849.83
2016/1/28,TWA00,加權指數,7905.1
2016/1/29,TWA00,加權指數,8080.6
2016/1/30,TWA00,加權指數,8145.21
2016/2/1,TWA00,加權指數,8156.96
2016/2/2,TWA00,加權指數,8131.24
2016/2/3,TWA00,加權指數,8063
2016/2/15,TWA00,加權指數,8066.51
2016/2/16,TWA00,加權指數,8212.07
2016/2/17,TWA00,加權指數,8214.25
2016/2/18,TWA00,加權指數,8314.67
2016/2/19,TWA00,加權指數,8325.04
2016/2/22,TWA00,加權指數,8326.68
2016/2/23,TWA00,加權指數,8334.64
2016/2/24,TWA00,加權指數,8282.86
2016/2/25,TWA00,加權指數,8365.86
2016/2/26,TWA00,加權指數,8411.16
2016/3/1,TWA00,加權指數,8485.69
2016/3/2,TWA00,加權指數,8544.05
2016/3/3,TWA00,加權指數,8611.79
2016/3/4,TWA00,加權指數,8643.55
2016/3/7,TWA00,加權指數,8659.55
2016/3/8,TWA00,加權指數,8664.31
2016/3/9,TWA00,加權指數,8634.11
2016/3/10,TWA00,加權指數,8660.7
2016/3/11,TWA00,加權指數,8706.14
2016/3/14,TWA00,加權指數,8747.9
2016/3/15,TWA00,加權指數,8611.18
2016/3/16,TWA00,加權指數,8699.14
2016/3/17,TWA00,加權指數,8734.54
2016/3/18,TWA00,加權指數,8810.71
2016/3/21,TWA00,加權指數,8812.7
2016/3/22,TWA00,加權指數,8785.68
2016/3/23,TWA00,加權指數,8766.09
2016/3/24,TWA00,加權指數,8743.38
2016/3/25,TWA00,加權指數,8704.97
2016/3/28,TWA00,加權指數,8690.45
2016/3/29,TWA00,加權指數,8617.35
2016/3/30,TWA00,加權指數,8737.04
2016/3/31,TWA00,加權指數,8744.83
2016/4/1,TWA00,加權指數,8657.55
2016/4/6,TWA00,加權指數,8513.3
2016/4/7,TWA00,加權指數,8490.25
2016/4/8,TWA00,加權指數,8541.5
2016/4/11,TWA00,加權指數,8562.59
2016/4/12,TWA00,加權指數,8531.18
2016/4/13,TWA00,加權指數,8652.08
2016/4/14,TWA00,加權指數,8667.71
2016/4/15,TWA00,加權指數,8700.39
2016/4/18,TWA00,加權指數,8666.01
2016/4/19,TWA00,加權指數,8633.72
2016/4/20,TWA00,加權指數,8514.48
2016/4/21,TWA00,加權指數,8568.65
2016/4/22,TWA00,加權指數,8535.75
2016/4/25,TWA00,加權指數,8560.28
2016/4/26,TWA00,加權指數,8581.57
2016/4/27,TWA00,加權指數,8563.05
2016/4/28,TWA00,加權指數,8473.87
2016/4/29,TWA00,加權指數,8377.9
2016/5/3,TWA00,加權指數,8294.12
2016/5/4,TWA00,加權指數,8185.47
2016/5/5,TWA00,加權指數,8167.96
2016/5/6,TWA00,加權指數,8146.43
2016/5/9,TWA00,加權指數,8131.83
2016/5/10,TWA00,加權指數,8156.29
2016/5/11,TWA00,加權指數,8135.56
2016/5/12,TWA00,加權指數,8108.05
2016/5/13,TWA00,加權指數,8053.69
2016/5/16,TWA00,加權指數,8067.6
2016/5/17,TWA00,加權指數,8140.48
2016/5/18,TWA00,加權指數,8159.68
2016/5/19,TWA00,加權指數,8095.98
2016/5/20,TWA00,加權指數,8131.26
2016/5/23,TWA00,加權指數,8344.44
2016/5/24,TWA00,加權指數,8300.66
2016/5/25,TWA00,加權指數,8396.2
2016/5/26,TWA00,加權指數,8394.12
2016/5/27,TWA00,加權指數,8463.61
2016/5/30,TWA00,加權指數,8535.87
2016/5/31,TWA00,加權指數,8535.59
2016/6/1,TWA00,加權指數,8597.16
2016/6/2,TWA00,加權指數,8556.02
2016/6/3,TWA00,加權指數,8587.36
2016/6/4,TWA00,加權指數,8591.57
2016/6/6,TWA00,加權指數,8597.11
2016/6/7,TWA00,加權指數,8679.9
2016/6/8,TWA00,加權指數,8715.48
2016/6/13,TWA00,加權指數,8536.22
2016/6/14,TWA00,加權指數,8576.12
2016/6/15,TWA00,加權指數,8606.37
2016/6/16,TWA00,加權指數,8494.14
2016/6/17,TWA00,加權指數,8568.08
2016/6/20,TWA00,加權指數,8625.92
2016/6/21,TWA00,加權指數,8684.85
2016/6/22,TWA00,加權指數,8716.25
2016/6/23,TWA00,加權指數,8676.68
2016/6/24,TWA00,加權指數,8476.99
2016/6/27,TWA00,加權指數,8458.87
2016/6/28,TWA00,加權指數,8505.51
2016/6/29,TWA00,加權指數,8586.56
2016/6/30,TWA00,加權指數,8666.58
2016/7/1,TWA00,加權指數,8738.24
2016/7/4,TWA00,加權指數,8760.58
2016/7/5,TWA00,加權指數,8716.07
2016/7/6,TWA00,加權指數,8575.75
2016/7/7,TWA00,加權指數,8640.91
2016/7/11,TWA00,加權指數,8786.47
2016/7/12,TWA00,加權指數,8841.46
2016/7/13,TWA00,加權指數,8857.75
2016/7/14,TWA00,加權指數,8866.36
2016/7/15,TWA00,加權指數,8949.85
2016/7/18,TWA00,加權指數,9008.21
2016/7/19,TWA00,加權指數,9034.87
2016/7/20,TWA00,加權指數,9007.68
2016/7/21,TWA00,加權指數,9056.56
2016/7/22,TWA00,加權指數,9013.14
2016/7/25,TWA00,加權指數,8991.67
2016/7/26,TWA00,加權指數,9024.79
2016/7/27,TWA00,加權指數,9063.39
2016/7/28,TWA00,加權指數,9076.64
2016/7/29,TWA00,加權指數,8984.41
2016/8/1,TWA00,加權指數,9080.71
2016/8/2,TWA00,加權指數,9068.76
2016/8/3,TWA00,加權指數,9001.71
2016/8/4,TWA00,加權指數,9024.71
2016/8/5,TWA00,加權指數,9092.12
2016/8/8,TWA00,加權指數,9150.26
2016/8/9,TWA00,加權指數,9155.08
2016/8/10,TWA00,加權指數,9200.42
2016/8/11,TWA00,加權指數,9131.83
2016/8/12,TWA00,加權指數,9150.39
2016/8/15,TWA00,加權指數,9148.51
2016/8/16,TWA00,加權指數,9110.36
2016/8/17,TWA00,加權指數,9117.7
2016/8/18,TWA00,加權指數,9122.5
2016/8/19,TWA00,加權指數,9034.27
2016/8/22,TWA00,加權指數,8981.81
2016/8/23,TWA00,加權指數,9030.93
2016/8/24,TWA00,加權指數,9017.38
2016/8/25,TWA00,加權指數,9115.47
2016/8/26,TWA00,加權指數,9131.72
2016/8/29,TWA00,加權指數,9110.17
2016/8/30,TWA00,加權指數,9110.56
2016/8/31,TWA00,加權指數,9068.85
2016/9/1,TWA00,加權指數,9001.15
2016/9/2,TWA00,加權指數,8987.55
2016/9/5,TWA00,加權指數,9090.13
2016/9/6,TWA00,加權指數,9181.85
2016/9/7,TWA00,加權指數,9259.07
2016/9/8,TWA00,加權指數,9262.89
2016/9/9,TWA00,加權指數,9164.88
2016/9/10,TWA00,加權指數,9053.69
2016/9/12,TWA00,加權指數,8947.06
2016/9/13,TWA00,加權指數,8940.83
2016/9/14,TWA00,加權指數,8902.3
2016/9/19,TWA00,加權指數,9152.88
2016/9/20,TWA00,加權指數,9161.58
2016/9/21,TWA00,加權指數,9228.5
2016/9/22,TWA00,加權指數,9235.26
2016/9/23,TWA00,加權指數,9284.62
2016/9/26,TWA00,加權指數,9194.52
2016/9/29,TWA00,加權指數,9270.9
2016/9/30,TWA00,加權指數,9166.85
2016/10/3,TWA00,加權指數,9234.2
2016/10/4,TWA00,加權指數,9287.77
2016/10/5,TWA00,加權指數,9272.28
2016/10/6,TWA00,加權指數,9284.31
2016/10/7,TWA00,加權指數,9265.81
2016/10/11,TWA00,加權指數,9219.82
2016/10/12,TWA00,加權指數,9252.6
2016/10/13,TWA00,加權指數,9219.17
2016/10/14,TWA00,加權指數,9165.17
2016/10/17,TWA00,加權指數,9176.22
2016/10/18,TWA00,加權指數,9222.58
2016/10/19,TWA00,加權指數,9283.99
2016/10/20,TWA00,加權指數,9317.24
2016/10/21,TWA00,加權指數,9306.57
2016/10/24,TWA00,加權指數,9322.5
2016/10/25,TWA00,加權指數,9385.65
2016/10/26,TWA00,加權指數,9362.25
2016/10/27,TWA00,加權指數,9299.55
2016/10/28,TWA00,加權指數,9306.92
2016/10/31,TWA00,加權指數,9290.12
2016/11/1,TWA00,加權指數,9272.7
2016/11/2,TWA00,加權指數,9139.04
2016/11/3,TWA00,加權指數,9067.27
2016/11/4,TWA00,加權指數,9068.15
2016/11/7,TWA00,加權指數,9189.84
2016/11/8,TWA00,加權指數,9217.43
2016/11/9,TWA00,加權指數,8943.2
2016/11/10,TWA00,加權指數,9152.18
2016/11/11,TWA00,加權指數,8957.76
2016/11/14,TWA00,加權指數,8940.4
2016/11/15,TWA00,加權指數,8931.03
2016/11/16,TWA00,加權指數,8962.22
2016/11/17,TWA00,加權指數,8995.26
2016/11/18,TWA00,加權指數,9008.79
2016/11/21,TWA00,加權指數,9041.11
2016/11/22,TWA00,加權指數,9133.39
2016/11/23,TWA00,加權指數,9178.23
2016/11/24,TWA00,加權指數,9152.11
2016/11/25,TWA00,加權指數,9159.07
2016/11/28,TWA00,加權指數,9222.24
2016/11/29,TWA00,加權指數,9192.38
2016/11/30,TWA00,加權指數,9240.71
2016/12/1,TWA00,加權指數,9263.53
2016/12/2,TWA00,加權指數,9189.49
2016/12/5,TWA00,加權指數,9160.66
2016/12/6,TWA00,加權指數,9250.77
2016/12/7,TWA00,加權指數,9263.89
2016/12/8,TWA00,加權指數,9375.86
2016/12/9,TWA00,加權指數,9392.68
2016/12/12,TWA00,加權指數,9349.94
2016/12/13,TWA00,加權指數,9382.14
2016/12/14,TWA00,加權指數,9368.52
2016/12/15,TWA00,加權指數,9360.35
2016/12/16,TWA00,加權指數,9326.78
2016/12/19,TWA00,加權指數,9239.32
2016/12/20,TWA00,加權指數,9242.41
2016/12/21,TWA00,加權指數,9204.26
2016/12/22,TWA00,加權指數,9118.75
2016/12/23,TWA00,加權指數,9078.64
2016/12/26,TWA00,加權指數,9110.54
2016/12/27,TWA00,加權指數,9109.27
2016/12/28,TWA00,加權指數,9201.4
2016/12/29,TWA00,加權指數,9153.09
2016/12/30,TWA00,加權指數,9253.5
2017/1/3,TWA00,加權指數,9272.88
2017/1/4,TWA00,加權指數,9286.96
2017/1/5,TWA00,加權指數,9358.14
2017/1/6,TWA00,加權指數,9372.22
2017/1/9,TWA00,加權指數,9342.42
2017/1/10,TWA00,加權指數,9349.64
2017/1/11,TWA00,加權指數,9345.74
2017/1/12,TWA00,加權指數,9410.18
2017/1/13,TWA00,加權指數,9378.83
2017/1/16,TWA00,加權指數,9292.33
2017/1/17,TWA00,加權指數,9354.53
2017/1/18,TWA00,加權指數,9341.97
2017/1/19,TWA00,加權指數,9318.12
2017/1/20,TWA00,加權指數,9331.46
2017/1/23,TWA00,加權指數,9424.05
2017/1/24,TWA00,加權指數,9447.95
2017/2/2,TWA00,加權指數,9428.97
2017/2/3,TWA00,加權指數,9455.56
2017/2/6,TWA00,加權指數,9538.01
2017/2/7,TWA00,加權指數,9554.56
2017/2/8,TWA00,加權指數,9543.25
2017/2/9,TWA00,加權指數,9590.18
2017/2/10,TWA00,加權指數,9665.59
2017/2/13,TWA00,加權指數,9710.32
2017/2/14,TWA00,加權指數,9718.78
2017/2/15,TWA00,加權指數,9799.76
2017/2/16,TWA00,加權指數,9771.25
2017/2/17,TWA00,加權指數,9759.76
2017/2/18,TWA00,加權指數,9779.92
2017/2/20,TWA00,加權指數,9753.2
2017/2/21,TWA00,加權指數,9763.93
2017/2/22,TWA00,加權指數,9778.78
2017/2/23,TWA00,加權指數,9769.31
2017/2/24,TWA00,加權指數,9750.47
2017/3/1,TWA00,加權指數,9674.78
2017/3/2,TWA00,加權指數,9691.8
2017/3/3,TWA00,加權指數,9648.21
2017/3/6,TWA00,加權指數,9682.63
2017/3/7,TWA00,加權指數,9738.07
2017/3/8,TWA00,加權指數,9753.45
2017/3/9,TWA00,加權指數,9658.61
2017/3/10,TWA00,加權指數,9627.89
2017/3/13,TWA00,加權指數,9697.34
2017/3/14,TWA00,加權指數,9744.21
2017/3/15,TWA00,加權指數,9740.31
2017/3/16,TWA00,加權指數,9837.83
2017/3/17,TWA00,加權指數,9908.69
2017/3/20,TWA00,加權指數,9912.97
2017/3/21,TWA00,加權指數,9972.49
2017/3/22,TWA00,加權指數,9922.66
2017/3/23,TWA00,加權指數,9930.74
2017/3/24,TWA00,加權指數,9902.98
2017/3/27,TWA00,加權指數,9876.77
2017/3/28,TWA00,加權指數,9876.45
2017/3/29,TWA00,加權指數,9856.25
2017/3/30,TWA00,加權指數,9848.15
2017/3/31,TWA00,加權指數,9811.52
2017/4/5,TWA00,加權指數,9949.48
2017/4/6,TWA00,加權指數,9897.8
2017/4/7,TWA00,加權指數,9873.37
2017/4/10,TWA00,加權指數,9882.54
2017/4/11,TWA00,加權指數,9832.42
2017/4/12,TWA00,加權指數,9817.68
2017/4/13,TWA00,加權指數,9836.68
2017/4/14,TWA00,加權指數,9732.93
2017/4/17,TWA00,加權指數,9716.4
2017/4/18,TWA00,加權指數,9746.56
2017/4/19,TWA00,加權指數,9639.94
2017/4/20,TWA00,加權指數,9632.69
2017/4/21,TWA00,加權指數,9717.41
2017/4/24,TWA00,加權指數,9717.95
2017/4/25,TWA00,加權指數,9841.71
2017/4/26,TWA00,加權指數,9856.45
2017/4/27,TWA00,加權指數,9860.62
2017/4/28,TWA00,加權指數,9872
2017/5/2,TWA00,加權指數,9941.27
2017/5/3,TWA00,加權指數,9955.33
2017/5/4,TWA00,加權指數,9967.64
2017/5/5,TWA00,加權指數,9899.94
2017/5/8,TWA00,加權指數,9937.25
2017/5/9,TWA00,加權指數,9915.48
2017/5/10,TWA00,加權指數,9968.32
2017/5/11,TWA00,加權指數,10001.48
2017/5/12,TWA00,加權指數,9986.82
2017/5/15,TWA00,加權指數,10036.82
2017/5/16,TWA00,加權指數,10031.49
2017/5/17,TWA00,加權指數,10013.67
2017/5/18,TWA00,加權指數,9969.45
2017/5/19,TWA00,加權指數,9947.62
2017/5/22,TWA00,加權指數,9997.26
2017/5/23,TWA00,加權指數,10007.84
2017/5/24,TWA00,加權指數,10044.42
2017/5/25,TWA00,加權指數,10108.49
2016/1/4,TWA06,不含金融電子,10049.23
2016/1/5,TWA06,不含金融電子,10022.61
2016/1/6,TWA06,不含金融電子,10010.2
2016/1/7,TWA06,不含金融電子,9886.86
2016/1/8,TWA06,不含金融電子,9893.13
2016/1/11,TWA06,不含金融電子,9780.3
2016/1/12,TWA06,不含金融電子,9750.88
2016/1/13,TWA06,不含金融電子,9853.17
2016/1/14,TWA06,不含金融電子,9775.7
2016/1/15,TWA06,不含金融電子,9772.21
2016/1/18,TWA06,不含金融電子,9856.15
2016/1/19,TWA06,不含金融電子,9885.96
2016/1/20,TWA06,不含金融電子,9762.46
2016/1/21,TWA06,不含金融電子,9675.09
2016/1/22,TWA06,不含金融電子,9739.05
2016/1/25,TWA06,不含金融電子,9895.5
2016/1/26,TWA06,不含金融電子,9823.95
2016/1/27,TWA06,不含金融電子,9821.98
2016/1/28,TWA06,不含金融電子,9906.89
2016/1/29,TWA06,不含金融電子,10094.26
2016/1/30,TWA06,不含金融電子,10161.53
2016/2/1,TWA06,不含金融電子,10192.04
2016/2/2,TWA06,不含金融電子,10189.05
2016/2/3,TWA06,不含金融電子,10065.92
2016/2/15,TWA06,不含金融電子,10129.17
2016/2/16,TWA06,不含金融電子,10253.33
2016/2/17,TWA06,不含金融電子,10257.34
2016/2/18,TWA06,不含金融電子,10377.59
2016/2/19,TWA06,不含金融電子,10388.46
2016/2/22,TWA06,不含金融電子,10396.87
2016/2/23,TWA06,不含金融電子,10438.66
2016/2/24,TWA06,不含金融電子,10415.79
2016/2/25,TWA06,不含金融電子,10475.57
2016/2/26,TWA06,不含金融電子,10575.26
2016/3/1,TWA06,不含金融電子,10657.17
2016/3/2,TWA06,不含金融電子,10697.59
2016/3/3,TWA06,不含金融電子,10783.61
2016/3/4,TWA06,不含金融電子,10857.85
2016/3/7,TWA06,不含金融電子,10959.41
2016/3/8,TWA06,不含金融電子,10955.23
2016/3/9,TWA06,不含金融電子,10866.3
2016/3/10,TWA06,不含金融電子,10889.55
2016/3/11,TWA06,不含金融電子,10932.48
2016/3/14,TWA06,不含金融電子,10922.6
2016/3/15,TWA06,不含金融電子,10769.36
2016/3/16,TWA06,不含金融電子,10867.7
2016/3/17,TWA06,不含金融電子,10902.34
2016/3/18,TWA06,不含金融電子,11033.04
2016/3/21,TWA06,不含金融電子,11021.42
2016/3/22,TWA06,不含金融電子,11054.65
2016/3/23,TWA06,不含金融電子,11013.92
2016/3/24,TWA06,不含金融電子,11005.24
2016/3/25,TWA06,不含金融電子,10958.36
2016/3/28,TWA06,不含金融電子,10934.84
2016/3/29,TWA06,不含金融電子,10791.19
2016/3/30,TWA06,不含金融電子,10923.72
2016/3/31,TWA06,不含金融電子,10925.27
2016/4/1,TWA06,不含金融電子,10873.3
2016/4/6,TWA06,不含金融電子,10729.72
2016/4/7,TWA06,不含金融電子,10672.16
2016/4/8,TWA06,不含金融電子,10726.07
2016/4/11,TWA06,不含金融電子,10740.41
2016/4/12,TWA06,不含金融電子,10725.96
2016/4/13,TWA06,不含金融電子,10871.54
2016/4/14,TWA06,不含金融電子,10932.47
2016/4/15,TWA06,不含金融電子,11028.95
2016/4/18,TWA06,不含金融電子,10991.3
2016/4/19,TWA06,不含金融電子,11007.27
2016/4/20,TWA06,不含金融電子,10856.69
2016/4/21,TWA06,不含金融電子,10899.83
2016/4/22,TWA06,不含金融電子,10857.14
2016/4/25,TWA06,不含金融電子,10897.95
2016/4/26,TWA06,不含金融電子,10903.97
2016/4/27,TWA06,不含金融電子,10927.7
2016/4/28,TWA06,不含金融電子,10873.96
2016/4/29,TWA06,不含金融電子,10733.43
2016/5/3,TWA06,不含金融電子,10638.7
2016/5/4,TWA06,不含金融電子,10423.46
2016/5/5,TWA06,不含金融電子,10421.35
2016/5/6,TWA06,不含金融電子,10429.3
2016/5/9,TWA06,不含金融電子,10386.38
2016/5/10,TWA06,不含金融電子,10382.5
2016/5/11,TWA06,不含金融電子,10367.14
2016/5/12,TWA06,不含金融電子,10351.24
2016/5/13,TWA06,不含金融電子,10262.14
2016/5/16,TWA06,不含金融電子,10277.79
2016/5/17,TWA06,不含金融電子,10359.51
2016/5/18,TWA06,不含金融電子,10394.45
2016/5/19,TWA06,不含金融電子,10269.45
2016/5/20,TWA06,不含金融電子,10302.89
2016/5/23,TWA06,不含金融電子,10481.92
2016/5/24,TWA06,不含金融電子,10465.74
2016/5/25,TWA06,不含金融電子,10539.32
2016/5/26,TWA06,不含金融電子,10499.58
2016/5/27,TWA06,不含金融電子,10571.17
2016/5/30,TWA06,不含金融電子,10673.83
2016/5/31,TWA06,不含金融電子,10654.45
2016/6/1,TWA06,不含金融電子,10686.72
2016/6/2,TWA06,不含金融電子,10640.54
2016/6/3,TWA06,不含金融電子,10632.34
2016/6/4,TWA06,不含金融電子,10662.95
2016/6/6,TWA06,不含金融電子,10629.49
2016/6/7,TWA06,不含金融電子,10743.66
2016/6/8,TWA06,不含金融電子,10726.39
2016/6/13,TWA06,不含金融電子,10528.56
2016/6/14,TWA06,不含金融電子,10534.78
2016/6/15,TWA06,不含金融電子,10581.52
2016/6/16,TWA06,不含金融電子,10459.6
2016/6/17,TWA06,不含金融電子,10515.32
2016/6/20,TWA06,不含金融電子,10595.65
2016/6/21,TWA06,不含金融電子,10670.84
2016/6/22,TWA06,不含金融電子,10723.59
2016/6/23,TWA06,不含金融電子,10666.47
2016/6/24,TWA06,不含金融電子,10461.33
2016/6/27,TWA06,不含金融電子,10508.61
2016/6/28,TWA06,不含金融電子,10524.63
2016/6/29,TWA06,不含金融電子,10614.08
2016/6/30,TWA06,不含金融電子,10675.67
2016/7/1,TWA06,不含金融電子,10761.74
2016/7/4,TWA06,不含金融電子,10752.33
2016/7/5,TWA06,不含金融電子,10720.29
2016/7/6,TWA06,不含金融電子,10552.29
2016/7/7,TWA06,不含金融電子,10615.26
2016/7/11,TWA06,不含金融電子,10723.95
2016/7/12,TWA06,不含金融電子,10812.73
2016/7/13,TWA06,不含金融電子,10850.29
2016/7/14,TWA06,不含金融電子,10866.14
2016/7/15,TWA06,不含金融電子,10945.06
2016/7/18,TWA06,不含金融電子,11013.62
2016/7/19,TWA06,不含金融電子,11022.86
2016/7/20,TWA06,不含金融電子,11006.99
2016/7/21,TWA06,不含金融電子,11052.57
2016/7/22,TWA06,不含金融電子,11011.58
2016/7/25,TWA06,不含金融電子,10975.34
2016/7/26,TWA06,不含金融電子,10987.02
2016/7/27,TWA06,不含金融電子,10992.22
2016/7/28,TWA06,不含金融電子,10994
2016/7/29,TWA06,不含金融電子,10916.79
2016/8/1,TWA06,不含金融電子,10989.22
2016/8/2,TWA06,不含金融電子,10976.39
2016/8/3,TWA06,不含金融電子,10925.31
2016/8/4,TWA06,不含金融電子,10924.21
2016/8/5,TWA06,不含金融電子,11010.82
2016/8/8,TWA06,不含金融電子,11018.1
2016/8/9,TWA06,不含金融電子,11041.62
2016/8/10,TWA06,不含金融電子,11138.4
2016/8/11,TWA06,不含金融電子,11107.48
2016/8/12,TWA06,不含金融電子,11185.14
2016/8/15,TWA06,不含金融電子,11140.18
2016/8/16,TWA06,不含金融電子,11115.85
2016/8/17,TWA06,不含金融電子,11130.97
2016/8/18,TWA06,不含金融電子,11142.92
2016/8/19,TWA06,不含金融電子,11020.35
2016/8/22,TWA06,不含金融電子,10966.16
2016/8/23,TWA06,不含金融電子,11021.07
2016/8/24,TWA06,不含金融電子,10998.39
2016/8/25,TWA06,不含金融電子,11044.73
2016/8/26,TWA06,不含金融電子,11078.14
2016/8/29,TWA06,不含金融電子,11032.64
2016/8/30,TWA06,不含金融電子,11034.6
2016/8/31,TWA06,不含金融電子,10956.95
2016/9/1,TWA06,不含金融電子,10861.41
2016/9/2,TWA06,不含金融電子,10878.34
2016/9/5,TWA06,不含金融電子,10980.52
2016/9/6,TWA06,不含金融電子,11081.05
2016/9/7,TWA06,不含金融電子,11156.63
2016/9/8,TWA06,不含金融電子,11172.61
2016/9/9,TWA06,不含金融電子,11080.05
2016/9/10,TWA06,不含金融電子,10953.29
2016/9/12,TWA06,不含金融電子,10804.22
2016/9/13,TWA06,不含金融電子,10786.66
2016/9/14,TWA06,不含金融電子,10726.76
2016/9/19,TWA06,不含金融電子,10920.56
2016/9/20,TWA06,不含金融電子,10939.72
2016/9/21,TWA06,不含金融電子,11060.02
2016/9/22,TWA06,不含金融電子,11075.71
2016/9/23,TWA06,不含金融電子,11116.44
2016/9/26,TWA06,不含金融電子,11078.48
2016/9/29,TWA06,不含金融電子,11144.06
2016/9/30,TWA06,不含金融電子,11036.21
2016/10/3,TWA06,不含金融電子,11087
2016/10/4,TWA06,不含金融電子,11145.45
2016/10/5,TWA06,不含金融電子,11123.03
2016/10/6,TWA06,不含金融電子,11137.12
2016/10/7,TWA06,不含金融電子,11146.72
2016/10/11,TWA06,不含金融電子,11064.51
2016/10/12,TWA06,不含金融電子,11042.22
2016/10/13,TWA06,不含金融電子,11037.39
2016/10/14,TWA06,不含金融電子,10985.78
2016/10/17,TWA06,不含金融電子,10996.74
2016/10/18,TWA06,不含金融電子,11087.84
2016/10/19,TWA06,不含金融電子,11194.65
2016/10/20,TWA06,不含金融電子,11270.21
2016/10/21,TWA06,不含金融電子,11251.41
2016/10/24,TWA06,不含金融電子,11213.06
2016/10/25,TWA06,不含金融電子,11280.08
2016/10/26,TWA06,不含金融電子,11270.25
2016/10/27,TWA06,不含金融電子,11213.49
2016/10/28,TWA06,不含金融電子,11233.73
2016/10/31,TWA06,不含金融電子,11232.11
2016/11/1,TWA06,不含金融電子,11184.12
2016/11/2,TWA06,不含金融電子,11027.03
2016/11/3,TWA06,不含金融電子,10957.64
2016/11/4,TWA06,不含金融電子,10960.26
2016/11/7,TWA06,不含金融電子,11107.96
2016/11/8,TWA06,不含金融電子,11192.9
2016/11/9,TWA06,不含金融電子,10902.68
2016/11/10,TWA06,不含金融電子,11161.25
2016/11/11,TWA06,不含金融電子,10946.15
2016/11/14,TWA06,不含金融電子,10882.89
2016/11/15,TWA06,不含金融電子,10905.33
2016/11/16,TWA06,不含金融電子,10938.96
2016/11/17,TWA06,不含金融電子,10960.81
2016/11/18,TWA06,不含金融電子,10934.66
2016/11/21,TWA06,不含金融電子,10982
2016/11/22,TWA06,不含金融電子,11117.96
2016/11/23,TWA06,不含金融電子,11156.4
2016/11/24,TWA06,不含金融電子,11147.17
2016/11/25,TWA06,不含金融電子,11163.94
2016/11/28,TWA06,不含金融電子,11237.34
2016/11/29,TWA06,不含金融電子,11212.87
2016/11/30,TWA06,不含金融電子,11334.38
2016/12/1,TWA06,不含金融電子,11379.5
2016/12/2,TWA06,不含金融電子,11351.78
2016/12/5,TWA06,不含金融電子,11270.91
2016/12/6,TWA06,不含金融電子,11382.66
2016/12/7,TWA06,不含金融電子,11390.38
2016/12/8,TWA06,不含金融電子,11502.87
2016/12/9,TWA06,不含金融電子,11537.69
2016/12/12,TWA06,不含金融電子,11481.68
2016/12/13,TWA06,不含金融電子,11517.59
2016/12/14,TWA06,不含金融電子,11483.51
2016/12/15,TWA06,不含金融電子,11401.43
2016/12/16,TWA06,不含金融電子,11386.41
2016/12/19,TWA06,不含金融電子,11309.32
2016/12/20,TWA06,不含金融電子,11302.35
2016/12/21,TWA06,不含金融電子,11292.17
2016/12/22,TWA06,不含金融電子,11164.13
2016/12/23,TWA06,不含金融電子,11086.98
2016/12/26,TWA06,不含金融電子,11098.42
2016/12/27,TWA06,不含金融電子,11093.15
2016/12/28,TWA06,不含金融電子,11208.93
2016/12/29,TWA06,不含金融電子,11157.59
2016/12/30,TWA06,不含金融電子,11323.43
2017/1/3,TWA06,不含金融電子,11313.02
2017/1/4,TWA06,不含金融電子,11329.29
2017/1/5,TWA06,不含金融電子,11423.2
2017/1/6,TWA06,不含金融電子,11410.49
2017/1/9,TWA06,不含金融電子,11373.11
2017/1/10,TWA06,不含金融電子,11355.45
2017/1/11,TWA06,不含金融電子,11364.68
2017/1/12,TWA06,不含金融電子,11442.76
2017/1/13,TWA06,不含金融電子,11438.16
2017/1/16,TWA06,不含金融電子,11319.45
2017/1/17,TWA06,不含金融電子,11381.81
2017/1/18,TWA06,不含金融電子,11359.65
2017/1/19,TWA06,不含金融電子,11324.48
2017/1/20,TWA06,不含金融電子,11333.51
2017/1/23,TWA06,不含金融電子,11433.72
2017/1/24,TWA06,不含金融電子,11474.73
2017/2/2,TWA06,不含金融電子,11440.72
2017/2/3,TWA06,不含金融電子,11503.94
2017/2/6,TWA06,不含金融電子,11620.58
2017/2/7,TWA06,不含金融電子,11640.24
2017/2/8,TWA06,不含金融電子,11611.94
2017/2/9,TWA06,不含金融電子,11658
2017/2/10,TWA06,不含金融電子,11788.86
2017/2/13,TWA06,不含金融電子,11826.93
2017/2/14,TWA06,不含金融電子,11829.69
2017/2/15,TWA06,不含金融電子,11986.62
2017/2/16,TWA06,不含金融電子,11914.66
2017/2/17,TWA06,不含金融電子,11885.56
2017/2/18,TWA06,不含金融電子,11907.79
2017/2/20,TWA06,不含金融電子,11854.39
2017/2/21,TWA06,不含金融電子,11876.98
2017/2/22,TWA06,不含金融電子,11922.52
2017/2/23,TWA06,不含金融電子,11894.17
2017/2/24,TWA06,不含金融電子,11855.54
2017/3/1,TWA06,不含金融電子,11780.51
2017/3/2,TWA06,不含金融電子,11786.98
2017/3/3,TWA06,不含金融電子,11743.35
2017/3/6,TWA06,不含金融電子,11798.18
2017/3/7,TWA06,不含金融電子,11883.9
2017/3/8,TWA06,不含金融電子,11843.91
2017/3/9,TWA06,不含金融電子,11681.39
2017/3/10,TWA06,不含金融電子,11616.75
2017/3/13,TWA06,不含金融電子,11655.98
2017/3/14,TWA06,不含金融電子,11740.69
2017/3/15,TWA06,不含金融電子,11725.76
2017/3/16,TWA06,不含金融電子,11847.84
2017/3/17,TWA06,不含金融電子,11910.28
2017/3/20,TWA06,不含金融電子,11902
2017/3/21,TWA06,不含金融電子,11939.13
2017/3/22,TWA06,不含金融電子,11871.03
2017/3/23,TWA06,不含金融電子,11864.88
2017/3/24,TWA06,不含金融電子,11858.8
2017/3/27,TWA06,不含金融電子,11805.14
2017/3/28,TWA06,不含金融電子,11802.91
2017/3/29,TWA06,不含金融電子,11802.01
2017/3/30,TWA06,不含金融電子,11775.72
2017/3/31,TWA06,不含金融電子,11760.52
2017/4/5,TWA06,不含金融電子,11872.68
2017/4/6,TWA06,不含金融電子,11812.44
2017/4/7,TWA06,不含金融電子,11791.86
2017/4/10,TWA06,不含金融電子,11834.8
2017/4/11,TWA06,不含金融電子,11761.85
2017/4/12,TWA06,不含金融電子,11721.6
2017/4/13,TWA06,不含金融電子,11752.82
2017/4/14,TWA06,不含金融電子,11610.58
2017/4/17,TWA06,不含金融電子,11595.14
2017/4/18,TWA06,不含金融電子,11663.5
2017/4/19,TWA06,不含金融電子,11514.17
2017/4/20,TWA06,不含金融電子,11484.96
2017/4/21,TWA06,不含金融電子,11547.52
2017/4/24,TWA06,不含金融電子,11545.36
2017/4/25,TWA06,不含金融電子,11675.33
2017/4/26,TWA06,不含金融電子,11699.16
2017/4/27,TWA06,不含金融電子,11660.81
2017/4/28,TWA06,不含金融電子,11639.34
2017/5/2,TWA06,不含金融電子,11698.67
2017/5/3,TWA06,不含金融電子,11671.31
2017/5/4,TWA06,不含金融電子,11657.54
2017/5/5,TWA06,不含金融電子,11550.85
2017/5/8,TWA06,不含金融電子,11511.97
2017/5/9,TWA06,不含金融電子,11405.09
2017/5/10,TWA06,不含金融電子,11460.73
2017/5/11,TWA06,不含金融電子,11513.7
2017/5/12,TWA06,不含金融電子,11532.55
2017/5/15,TWA06,不含金融電子,11568.74
2017/5/16,TWA06,不含金融電子,11628.86
2017/5/17,TWA06,不含金融電子,11582.24
2017/5/18,TWA06,不含金融電子,11526.49
2017/5/19,TWA06,不含金融電子,11502.53
2017/5/22,TWA06,不含金融電子,11554.36
2017/5/23,TWA06,不含金融電子,11557.71
2017/5/24,TWA06,不含金融電子,11626.32
2017/5/25,TWA06,不含金融電子,11705.48
2016/1/4,TWA23,電子類報酬指數,465.87
2016/1/5,TWA23,電子類報酬指數,463.53
2016/1/6,TWA23,電子類報酬指數,456.07
2016/1/7,TWA23,電子類報酬指數,447.23
2016/1/8,TWA23,電子類報酬指數,451.28
2016/1/11,TWA23,電子類報酬指數,445.66
2016/1/12,TWA23,電子類報酬指數,444.23
2016/1/13,TWA23,電子類報酬指數,447.47
2016/1/14,TWA23,電子類報酬指數,442.9
2016/1/15,TWA23,電子類報酬指數,447.3
2016/1/18,TWA23,電子類報酬指數,450.15
2016/1/19,TWA23,電子類報酬指數,453.45
2016/1/20,TWA23,電子類報酬指數,442.68
2016/1/21,TWA23,電子類報酬指數,442.97
2016/1/22,TWA23,電子類報酬指數,450.46
2016/1/25,TWA23,電子類報酬指數,457.81
2016/1/26,TWA23,電子類報酬指數,454.43
2016/1/27,TWA23,電子類報酬指數,456.75
2016/1/28,TWA23,電子類報酬指數,459.4
2016/1/29,TWA23,電子類報酬指數,468.59
2016/1/30,TWA23,電子類報酬指數,470.7
2016/2/1,TWA23,電子類報酬指數,471.86
2016/2/2,TWA23,電子類報酬指數,469.9
2016/2/3,TWA23,電子類報酬指數,468.35
2016/2/15,TWA23,電子類報酬指數,468.01
2016/2/16,TWA23,電子類報酬指數,476.61
2016/2/17,TWA23,電子類報酬指數,478.03
2016/2/18,TWA23,電子類報酬指數,484.06
2016/2/19,TWA23,電子類報酬指數,484.69
2016/2/22,TWA23,電子類報酬指數,484.66
2016/2/23,TWA23,電子類報酬指數,483.95
2016/2/24,TWA23,電子類報酬指數,479.79
2016/2/25,TWA23,電子類報酬指數,486.07
2016/2/26,TWA23,電子類報酬指數,487.01
2016/3/1,TWA23,電子類報酬指數,492.86
2016/3/2,TWA23,電子類報酬指數,496.41
2016/3/3,TWA23,電子類報酬指數,498.59
2016/3/4,TWA23,電子類報酬指數,499.2
2016/3/7,TWA23,電子類報酬指數,497.34
2016/3/8,TWA23,電子類報酬指數,498.22
2016/3/9,TWA23,電子類報酬指數,498.2
2016/3/10,TWA23,電子類報酬指數,500.39
2016/3/11,TWA23,電子類報酬指數,503.48
2016/3/14,TWA23,電子類報酬指數,507.86
2016/3/15,TWA23,電子類報酬指數,499.87
2016/3/16,TWA23,電子類報酬指數,505.49
2016/3/17,TWA23,電子類報酬指數,507.34
2016/3/18,TWA23,電子類報酬指數,511.25
2016/3/21,TWA23,電子類報酬指數,512.29
2016/3/22,TWA23,電子類報酬指數,508.87
2016/3/23,TWA23,電子類報酬指數,507.93
2016/3/24,TWA23,電子類報酬指數,506.27
2016/3/25,TWA23,電子類報酬指數,503.67
2016/3/28,TWA23,電子類報酬指數,503.11
2016/3/29,TWA23,電子類報酬指數,500.4
2016/3/30,TWA23,電子類報酬指數,508.13
2016/3/31,TWA23,電子類報酬指數,508.43
2016/4/1,TWA23,電子類報酬指數,501.71
2016/4/6,TWA23,電子類報酬指數,492.45
2016/4/7,TWA23,電子類報酬指數,492.43
2016/4/8,TWA23,電子類報酬指數,496.16
2016/4/11,TWA23,電子類報酬指數,498.08
2016/4/12,TWA23,電子類報酬指數,495.09
2016/4/13,TWA23,電子類報酬指數,502.53
2016/4/14,TWA23,電子類報酬指數,502.15
2016/4/15,TWA23,電子類報酬指數,502.18
2016/4/18,TWA23,電子類報酬指數,499.76
2016/4/19,TWA23,電子類報酬指數,496.36
2016/4/20,TWA23,電子類報酬指數,488.82
2016/4/21,TWA23,電子類報酬指數,493.07
2016/4/22,TWA23,電子類報酬指數,490.46
2016/4/25,TWA23,電子類報酬指數,491.4
2016/4/26,TWA23,電子類報酬指數,493.01
2016/4/27,TWA23,電子類報酬指數,490.62
2016/4/28,TWA23,電子類報酬指數,483.8
2016/4/29,TWA23,電子類報酬指數,477.28
2016/5/3,TWA23,電子類報酬指數,471.06
2016/5/4,TWA23,電子類報酬指數,466.77
2016/5/5,TWA23,電子類報酬指數,465.8
2016/5/6,TWA23,電子類報酬指數,464.19
2016/5/9,TWA23,電子類報酬指數,464.27
2016/5/10,TWA23,電子類報酬指數,466.63
2016/5/11,TWA23,電子類報酬指數,465.7
2016/5/12,TWA23,電子類報酬指數,463.26
2016/5/13,TWA23,電子類報酬指數,460.5
2016/5/16,TWA23,電子類報酬指數,461.57
2016/5/17,TWA23,電子類報酬指數,466.18
2016/5/18,TWA23,電子類報酬指數,466.93
2016/5/19,TWA23,電子類報酬指數,464.22
2016/5/20,TWA23,電子類報酬指數,466.86
2016/5/23,TWA23,電子類報酬指數,482.04
2016/5/24,TWA23,電子類報酬指數,478.62
2016/5/25,TWA23,電子類報酬指數,485.35
2016/5/26,TWA23,電子類報酬指數,486.5
2016/5/27,TWA23,電子類報酬指數,490.52
2016/5/30,TWA23,電子類報酬指數,494.22
2016/5/31,TWA23,電子類報酬指數,494.59
2016/6/1,TWA23,電子類報酬指數,499.59
2016/6/2,TWA23,電子類報酬指數,496.75
2016/6/3,TWA23,電子類報酬指數,500.46
2016/6/4,TWA23,電子類報酬指數,500.55
2016/6/6,TWA23,電子類報酬指數,501.91
2016/6/7,TWA23,電子類報酬指數,506.62
2016/6/8,TWA23,電子類報酬指數,510.62
2016/6/13,TWA23,電子類報酬指數,499.36
2016/6/14,TWA23,電子類報酬指數,502.43
2016/6/15,TWA23,電子類報酬指數,504.16
2016/6/16,TWA23,電子類報酬指數,497.72
2016/6/17,TWA23,電子類報酬指數,502.71
2016/6/20,TWA23,電子類報酬指數,505.91
2016/6/21,TWA23,電子類報酬指數,509.64
2016/6/22,TWA23,電子類報酬指數,511.44
2016/6/23,TWA23,電子類報酬指數,509.78
2016/6/24,TWA23,電子類報酬指數,497.15
2016/6/27,TWA23,電子類報酬指數,501.31
2016/6/28,TWA23,電子類報酬指數,505.56
2016/6/29,TWA23,電子類報酬指數,510.98
2016/6/30,TWA23,電子類報酬指數,517.94
2016/7/1,TWA23,電子類報酬指數,523.05
2016/7/4,TWA23,電子類報酬指數,525.8
2016/7/5,TWA23,電子類報酬指數,521.99
2016/7/6,TWA23,電子類報酬指數,513.5
2016/7/7,TWA23,電子類報酬指數,519.89
2016/7/11,TWA23,電子類報酬指數,531.49
2016/7/12,TWA23,電子類報酬指數,535.11
2016/7/13,TWA23,電子類報酬指數,534.54
2016/7/14,TWA23,電子類報酬指數,534.76
2016/7/15,TWA23,電子類報酬指數,540.64
2016/7/18,TWA23,電子類報酬指數,544.03
2016/7/19,TWA23,電子類報酬指數,545.85
2016/7/20,TWA23,電子類報酬指數,544.09
2016/7/21,TWA23,電子類報酬指數,549.87
2016/7/22,TWA23,電子類報酬指數,546.92
2016/7/25,TWA23,電子類報酬指數,545.77
2016/7/26,TWA23,電子類報酬指數,549.17
2016/7/27,TWA23,電子類報酬指數,553.25
2016/7/28,TWA23,電子類報酬指數,554.41
2016/7/29,TWA23,電子類報酬指數,547.74
2016/8/1,TWA23,電子類報酬指數,556.35
2016/8/2,TWA23,電子類報酬指數,556.39
2016/8/3,TWA23,電子類報酬指數,550.92
2016/8/4,TWA23,電子類報酬指數,553.44
2016/8/5,TWA23,電子類報酬指數,557.95
2016/8/8,TWA23,電子類報酬指數,562.67
2016/8/9,TWA23,電子類報酬指數,562.05
2016/8/10,TWA23,電子類報酬指數,563.09
2016/8/11,TWA23,電子類報酬指數,557.28
2016/8/12,TWA23,電子類報酬指數,556.68
2016/8/15,TWA23,電子類報酬指數,559.57
2016/8/16,TWA23,電子類報酬指數,556.04
2016/8/17,TWA23,電子類報酬指數,556.13
2016/8/18,TWA23,電子類報酬指數,555.92
2016/8/19,TWA23,電子類報酬指數,551.66
2016/8/22,TWA23,電子類報酬指數,549.26
2016/8/23,TWA23,電子類報酬指數,552
2016/8/24,TWA23,電子類報酬指數,552.66
2016/8/25,TWA23,電子類報酬指數,560.42
2016/8/26,TWA23,電子類報酬指數,560.95
2016/8/29,TWA23,電子類報酬指數,559.5
2016/8/30,TWA23,電子類報酬指數,558.49
2016/8/31,TWA23,電子類報酬指數,557.54
2016/9/1,TWA23,電子類報酬指數,554.24
2016/9/2,TWA23,電子類報酬指數,554.11
2016/9/5,TWA23,電子類報酬指數,561.15
2016/9/6,TWA23,電子類報酬指數,567.26
2016/9/7,TWA23,電子類報酬指數,573.1
2016/9/8,TWA23,電子類報酬指數,572.69
2016/9/9,TWA23,電子類報酬指數,565.88
2016/9/10,TWA23,電子類報酬指數,558.93
2016/9/12,TWA23,電子類報酬指數,552.04
2016/9/13,TWA23,電子類報酬指數,552.48
2016/9/14,TWA23,電子類報酬指數,550.61
2016/9/19,TWA23,電子類報酬指數,570.44
2016/9/20,TWA23,電子類報酬指數,570.75
2016/9/21,TWA23,電子類報酬指數,573.96
2016/9/22,TWA23,電子類報酬指數,574.27
2016/9/23,TWA23,電子類報酬指數,578.07
2016/9/26,TWA23,電子類報酬指數,570.34
2016/9/29,TWA23,電子類報酬指數,575.72
2016/9/30,TWA23,電子類報酬指數,568.95
2016/10/3,TWA23,電子類報酬指數,574.99
2016/10/4,TWA23,電子類報酬指數,578.35
2016/10/5,TWA23,電子類報酬指數,577.65
2016/10/6,TWA23,電子類報酬指數,578.82
2016/10/7,TWA23,電子類報酬指數,577.06
2016/10/11,TWA23,電子類報酬指數,574.74
2016/10/12,TWA23,電子類報酬指數,578.04
2016/10/13,TWA23,電子類報酬指數,575.56
2016/10/14,TWA23,電子類報酬指數,571.45
2016/10/17,TWA23,電子類報酬指數,572.6
2016/10/18,TWA23,電子類報酬指數,573.95
2016/10/19,TWA23,電子類報酬指數,577.41
2016/10/20,TWA23,電子類報酬指數,578.81
2016/10/21,TWA23,電子類報酬指數,578.22
2016/10/24,TWA23,電子類報酬指數,581.47
2016/10/25,TWA23,電子類報酬指數,586.01
2016/10/26,TWA23,電子類報酬指數,583.98
2016/10/27,TWA23,電子類報酬指數,578.86
2016/10/28,TWA23,電子類報酬指數,578.81
2016/10/31,TWA23,電子類報酬指數,577.16
2016/11/1,TWA23,電子類報酬指數,576.83
2016/11/2,TWA23,電子類報酬指數,567.26
2016/11/3,TWA23,電子類報酬指數,562.13
2016/11/4,TWA23,電子類報酬指數,561.72
2016/11/7,TWA23,電子類報酬指數,570.39
2016/11/8,TWA23,電子類報酬指數,569.88
2016/11/9,TWA23,電子類報酬指數,551.12
2016/11/10,TWA23,電子類報酬指數,563
2016/11/11,TWA23,電子類報酬指數,547.1
2016/11/14,TWA23,電子類報酬指數,544.13
2016/11/15,TWA23,電子類報酬指數,542.98
2016/11/16,TWA23,電子類報酬指數,545.18
2016/11/17,TWA23,電子類報酬指數,548.22
2016/11/18,TWA23,電子類報酬指數,551.22
2016/11/21,TWA23,電子類報酬指數,551.99
2016/11/22,TWA23,電子類報酬指數,557.93
2016/11/23,TWA23,電子類報酬指數,561.51
2016/11/24,TWA23,電子類報酬指數,557.22
2016/11/25,TWA23,電子類報酬指數,556.01
2016/11/28,TWA23,電子類報酬指數,560.19
2016/11/29,TWA23,電子類報酬指數,558.76
2016/11/30,TWA23,電子類報酬指數,560.26
2016/12/1,TWA23,電子類報酬指數,560.12
2016/12/2,TWA23,電子類報酬指數,552.37
2016/12/5,TWA23,電子類報酬指數,552.09
2016/12/6,TWA23,電子類報酬指數,558.06
2016/12/7,TWA23,電子類報酬指數,559.42
2016/12/8,TWA23,電子類報酬指數,567.16
2016/12/9,TWA23,電子類報酬指數,567.5
2016/12/12,TWA23,電子類報酬指數,564.54
2016/12/13,TWA23,電子類報酬指數,566.02
2016/12/14,TWA23,電子類報酬指數,567.35
2016/12/15,TWA23,電子類報酬指數,567.39
2016/12/16,TWA23,電子類報酬指數,564.07
2016/12/19,TWA23,電子類報酬指數,557.85
2016/12/20,TWA23,電子類報酬指數,558.55
2016/12/21,TWA23,電子類報酬指數,555.21
2016/12/22,TWA23,電子類報酬指數,552
2016/12/23,TWA23,電子類報酬指數,550.21
2016/12/26,TWA23,電子類報酬指數,552.03
2016/12/27,TWA23,電子類報酬指數,552.78
2016/12/28,TWA23,電子類報酬指數,558.09
2016/12/29,TWA23,電子類報酬指數,555.32
2016/12/30,TWA23,電子類報酬指數,560.18
2017/1/3,TWA23,電子類報酬指數,562.7
2017/1/4,TWA23,電子類報酬指數,563.77
2017/1/5,TWA23,電子類報酬指數,567.87
2017/1/6,TWA23,電子類報酬指數,569.63
2017/1/9,TWA23,電子類報酬指數,567.64
2017/1/10,TWA23,電子類報酬指數,568.67
2017/1/11,TWA23,電子類報酬指數,567.7
2017/1/12,TWA23,電子類報酬指數,572.08
2017/1/13,TWA23,電子類報酬指數,569.39
2017/1/16,TWA23,電子類報酬指數,565.1
2017/1/17,TWA23,電子類報酬指數,569.66
2017/1/18,TWA23,電子類報酬指數,569.65
2017/1/19,TWA23,電子類報酬指數,568.5
2017/1/20,TWA23,電子類報酬指數,569.5
2017/1/23,TWA23,電子類報酬指數,576.02
2017/1/24,TWA23,電子類報酬指數,577.51
2017/2/2,TWA23,電子類報酬指數,577.23
2017/2/3,TWA23,電子類報酬指數,578.5
2017/2/6,TWA23,電子類報酬指數,581.71
2017/2/7,TWA23,電子類報酬指數,582.51
2017/2/8,TWA23,電子類報酬指數,582.53
2017/2/9,TWA23,電子類報酬指數,586.25
2017/2/10,TWA23,電子類報酬指數,589.47
2017/2/13,TWA23,電子類報酬指數,593.12
2017/2/14,TWA23,電子類報酬指數,593.76
2017/2/15,TWA23,電子類報酬指數,597.29
2017/2/16,TWA23,電子類報酬指數,595.94
2017/2/17,TWA23,電子類報酬指數,595.96
2017/2/18,TWA23,電子類報酬指數,597.55
2017/2/20,TWA23,電子類報酬指數,596.7
2017/2/21,TWA23,電子類報酬指數,596.99
2017/2/22,TWA23,電子類報酬指數,597.46
2017/2/23,TWA23,電子類報酬指數,597.97
2017/2/24,TWA23,電子類報酬指數,597.26
2017/3/1,TWA23,電子類報酬指數,591.38
2017/3/2,TWA23,電子類報酬指數,592.26
2017/3/3,TWA23,電子類報酬指數,589.19
2017/3/6,TWA23,電子類報酬指數,590.45
2017/3/7,TWA23,電子類報酬指數,593.96
2017/3/8,TWA23,電子類報酬指數,596.14
2017/3/9,TWA23,電子類報酬指數,591
2017/3/10,TWA23,電子類報酬指數,589.01
2017/3/13,TWA23,電子類報酬指數,594.76
2017/3/14,TWA23,電子類報酬指數,597.11
2017/3/15,TWA23,電子類報酬指數,596.88
2017/3/16,TWA23,電子類報酬指數,603.99
2017/3/17,TWA23,電子類報酬指數,609.44
2017/3/20,TWA23,電子類報酬指數,610.14
2017/3/21,TWA23,電子類報酬指數,615.83
2017/3/22,TWA23,電子類報酬指數,612.84
2017/3/23,TWA23,電子類報酬指數,613.43
2017/3/24,TWA23,電子類報酬指數,610.96
2017/3/27,TWA23,電子類報酬指數,610.43
2017/3/28,TWA23,電子類報酬指數,611.01
2017/3/29,TWA23,電子類報酬指數,608.37
2017/3/30,TWA23,電子類報酬指數,608.68
2017/3/31,TWA23,電子類報酬指數,605.47
2017/4/5,TWA23,電子類報酬指數,617.29
2017/4/6,TWA23,電子類報酬指數,613.69
2017/4/7,TWA23,電子類報酬指數,612.46
2017/4/10,TWA23,電子類報酬指數,611.71
2017/4/11,TWA23,電子類報酬指數,609.22
2017/4/12,TWA23,電子類報酬指數,608.79
2017/4/13,TWA23,電子類報酬指數,610.08
2017/4/14,TWA23,電子類報酬指數,604.41
2017/4/17,TWA23,電子類報酬指數,603.47
2017/4/18,TWA23,電子類報酬指數,604.98
2017/4/19,TWA23,電子類報酬指數,599.08
2017/4/20,TWA23,電子類報酬指數,598.69
2017/4/21,TWA23,電子類報酬指數,605.62
2017/4/24,TWA23,電子類報酬指數,605.53
2017/4/25,TWA23,電子類報酬指數,613.3
2017/4/26,TWA23,電子類報酬指數,614.19
2017/4/27,TWA23,電子類報酬指數,616.11
2017/4/28,TWA23,電子類報酬指數,618.44
2017/5/2,TWA23,電子類報酬指數,623.08
2017/5/3,TWA23,電子類報酬指數,625.04
2017/5/4,TWA23,電子類報酬指數,626.6
2017/5/5,TWA23,電子類報酬指數,623.04
2017/5/8,TWA23,電子類報酬指數,628.25
2017/5/9,TWA23,電子類報酬指數,629.48
2017/5/10,TWA23,電子類報酬指數,633.59
2017/5/11,TWA23,電子類報酬指數,635.26
2017/5/12,TWA23,電子類報酬指數,632.82
2017/5/15,TWA23,電子類報酬指數,636.49
2017/5/16,TWA23,電子類報酬指數,633.4
2017/5/17,TWA23,電子類報酬指數,632.57
2017/5/18,TWA23,電子類報酬指數,630.57
2017/5/19,TWA23,電子類報酬指數,629.38
2017/5/22,TWA23,電子類報酬指數,633.3
2017/5/23,TWA23,電子類報酬指數,634.78
2017/5/24,TWA23,電子類報酬指數,636.84
2017/5/25,TWA23,電子類報酬指數,641
2016/1/4,TWA28,金融保險類報酬指數,1237.42
2016/1/5,TWA28,金融保險類報酬指數,1225.86
2016/1/6,TWA28,金融保險類報酬指數,1212.07
2016/1/7,TWA28,金融保險類報酬指數,1185.94
2016/1/8,TWA28,金融保險類報酬指數,1189.04
2016/1/11,TWA28,金融保險類報酬指數,1163.23
2016/1/12,TWA28,金融保險類報酬指數,1164.42
2016/1/13,TWA28,金融保險類報酬指數,1163.08
2016/1/14,TWA28,金融保險類報酬指數,1142.42
2016/1/15,TWA28,金融保險類報酬指數,1119.64
2016/1/18,TWA28,金融保險類報酬指數,1120.03
2016/1/19,TWA28,金融保險類報酬指數,1125.78
2016/1/20,TWA28,金融保險類報酬指數,1100.14
2016/1/21,TWA28,金融保險類報酬指數,1084.19
2016/1/22,TWA28,金融保險類報酬指數,1090.69
2016/1/25,TWA28,金融保險類報酬指數,1121.88
2016/1/26,TWA28,金融保險類報酬指數,1105.2
2016/1/27,TWA28,金融保險類報酬指數,1105.43
2016/1/28,TWA28,金融保險類報酬指數,1114.31
2016/1/29,TWA28,金融保險類報酬指數,1158.99
2016/1/30,TWA28,金融保險類報酬指數,1189
2016/2/1,TWA28,金融保險類報酬指數,1181.05
2016/2/2,TWA28,金融保險類報酬指數,1173.46
2016/2/3,TWA28,金融保險類報酬指數,1150.35
2016/2/15,TWA28,金融保險類報酬指數,1138.81
2016/2/16,TWA28,金融保險類報酬指數,1175.32
2016/2/17,TWA28,金融保險類報酬指數,1161.99
2016/2/18,TWA28,金融保險類報酬指數,1175.89
2016/2/19,TWA28,金融保險類報酬指數,1177.62
2016/2/22,TWA28,金融保險類報酬指數,1177.27
2016/2/23,TWA28,金融保險類報酬指數,1180.9
2016/2/24,TWA28,金融保險類報酬指數,1172.8
2016/2/25,TWA28,金融保險類報酬指數,1182.84
2016/2/26,TWA28,金融保險類報酬指數,1193.62
2016/3/1,TWA28,金融保險類報酬指數,1192.03
2016/3/2,TWA28,金融保險類報酬指數,1208.49
2016/3/3,TWA28,金融保險類報酬指數,1235.64
2016/3/4,TWA28,金融保險類報酬指數,1242.47
2016/3/7,TWA28,金融保險類報酬指數,1248.79
2016/3/8,TWA28,金融保險類報酬指數,1246.35
2016/3/9,TWA28,金融保險類報酬指數,1239.64
2016/3/10,TWA28,金融保險類報酬指數,1239.85
2016/3/11,TWA28,金融保險類報酬指數,1245.84
2016/3/14,TWA28,金融保險類報酬指數,1250.34
2016/3/15,TWA28,金融保險類報酬指數,1226.01
2016/3/16,TWA28,金融保險類報酬指數,1236.82
2016/3/17,TWA28,金融保險類報酬指數,1246.94
2016/3/18,TWA28,金融保險類報酬指數,1252.32
2016/3/21,TWA28,金融保險類報酬指數,1247.27
2016/3/22,TWA28,金融保險類報酬指數,1242.22
2016/3/23,TWA28,金融保險類報酬指數,1242.31
2016/3/24,TWA28,金融保險類報酬指數,1236.6
2016/3/25,TWA28,金融保險類報酬指數,1234.65
2016/3/28,TWA28,金融保險類報酬指數,1231.27
2016/3/29,TWA28,金融保險類報酬指數,1220.82
2016/3/30,TWA28,金融保險類報酬指數,1235.08
2016/3/31,TWA28,金融保險類報酬指數,1240.2
2016/4/1,TWA28,金融保險類報酬指數,1227.48
2016/4/6,TWA28,金融保險類報酬指數,1204.96
2016/4/7,TWA28,金融保險類報酬指數,1196.75
2016/4/8,TWA28,金融保險類報酬指數,1199.32
2016/4/11,TWA28,金融保險類報酬指數,1198.82
2016/4/12,TWA28,金融保險類報酬指數,1198.84
2016/4/13,TWA28,金融保險類報酬指數,1213.41
2016/4/14,TWA28,金融保險類報酬指數,1216.48
2016/4/15,TWA28,金融保險類報酬指數,1223.57
2016/4/18,TWA28,金融保險類報酬指數,1221.38
2016/4/19,TWA28,金融保險類報酬指數,1215.46
2016/4/20,TWA28,金融保險類報酬指數,1205.32
2016/4/21,TWA28,金融保險類報酬指數,1209.15
2016/4/22,TWA28,金融保險類報酬指數,1212.15
2016/4/25,TWA28,金融保險類報酬指數,1217.51
2016/4/26,TWA28,金融保險類報酬指數,1222.94
2016/4/27,TWA28,金融保險類報酬指數,1219.65
2016/4/28,TWA28,金融保險類報酬指數,1206.45
2016/4/29,TWA28,金融保險類報酬指數,1208.74
2016/5/3,TWA28,金融保險類報酬指數,1207.71
2016/5/4,TWA28,金融保險類報酬指數,1195.48
2016/5/5,TWA28,金融保險類報酬指數,1186.57
2016/5/6,TWA28,金融保險類報酬指數,1176.63
2016/5/9,TWA28,金融保險類報酬指數,1172.49
2016/5/10,TWA28,金融保險類報酬指數,1176.73
2016/5/11,TWA28,金融保險類報酬指數,1167.83
2016/5/12,TWA28,金融保險類報酬指數,1166.97
2016/5/13,TWA28,金融保險類報酬指數,1161.56
2016/5/16,TWA28,金融保險類報酬指數,1161.3
2016/5/17,TWA28,金融保險類報酬指數,1170.67
2016/5/18,TWA28,金融保險類報酬指數,1173.9
2016/5/19,TWA28,金融保險類報酬指數,1168.31
2016/5/20,TWA28,金融保險類報酬指數,1170.47
2016/5/23,TWA28,金融保險類報酬指數,1198.55
2016/5/24,TWA28,金融保險類報酬指數,1189.67
2016/5/25,TWA28,金融保險類報酬指數,1204.91
2016/5/26,TWA28,金融保險類報酬指數,1202.8
2016/5/27,TWA28,金融保險類報酬指數,1217.6
2016/5/30,TWA28,金融保險類報酬指數,1229.18
2016/5/31,TWA28,金融保險類報酬指數,1230.93
2016/6/1,TWA28,金融保險類報酬指數,1238.6
2016/6/2,TWA28,金融保險類報酬指數,1235.75
2016/6/3,TWA28,金融保險類報酬指數,1238.05
2016/6/4,TWA28,金融保險類報酬指數,1232.49
2016/6/6,TWA28,金融保險類報酬指數,1234.86
2016/6/7,TWA28,金融保險類報酬指數,1244.42
2016/6/8,TWA28,金融保險類報酬指數,1248.27
2016/6/13,TWA28,金融保險類報酬指數,1223.71
2016/6/14,TWA28,金融保險類報酬指數,1235.02
2016/6/15,TWA28,金融保險類報酬指數,1237.21
2016/6/16,TWA28,金融保險類報酬指數,1214.76
2016/6/17,TWA28,金融保險類報酬指數,1229.26
2016/6/20,TWA28,金融保險類報酬指數,1236.96
2016/6/21,TWA28,金融保險類報酬指數,1243.06
2016/6/22,TWA28,金融保險類報酬指數,1244
2016/6/23,TWA28,金融保險類報酬指數,1238.92
2016/6/24,TWA28,金融保險類報酬指數,1208.85
2016/6/27,TWA28,金融保險類報酬指數,1209.92
2016/6/28,TWA28,金融保險類報酬指數,1214.97
2016/6/29,TWA28,金融保險類報酬指數,1224.25
2016/6/30,TWA28,金融保險類報酬指數,1233.29
2016/7/1,TWA28,金融保險類報酬指數,1236.46
2016/7/4,TWA28,金融保險類報酬指數,1237.38
2016/7/5,TWA28,金融保險類報酬指數,1236.93
2016/7/6,TWA28,金融保險類報酬指數,1216.82
2016/7/7,TWA28,金融保險類報酬指數,1214.87
2016/7/11,TWA28,金融保險類報酬指數,1230.43
2016/7/12,TWA28,金融保險類報酬指數,1239.18
2016/7/13,TWA28,金融保險類報酬指數,1253.87
2016/7/14,TWA28,金融保險類報酬指數,1261.39
2016/7/15,TWA28,金融保險類報酬指數,1280.81
2016/7/18,TWA28,金融保險類報酬指數,1292.38
2016/7/19,TWA28,金融保險類報酬指數,1301.81
2016/7/20,TWA28,金融保險類報酬指數,1295.14
2016/7/21,TWA28,金融保險類報酬指數,1299.53
2016/7/22,TWA28,金融保險類報酬指數,1293.01
2016/7/25,TWA28,金融保險類報酬指數,1292.66
2016/7/26,TWA28,金融保險類報酬指數,1295.09
2016/7/27,TWA28,金融保險類報酬指數,1295.99
2016/7/28,TWA28,金融保險類報酬指數,1301.55
2016/7/29,TWA28,金融保險類報酬指數,1293.95
2016/8/1,TWA28,金融保險類報酬指數,1301.1
2016/8/2,TWA28,金融保險類報酬指數,1296.99
2016/8/3,TWA28,金融保險類報酬指數,1292.09
2016/8/4,TWA28,金融保險類報酬指數,1294.99
2016/8/5,TWA28,金融保險類報酬指數,1308.42
2016/8/8,TWA28,金融保險類報酬指數,1325.28
2016/8/9,TWA28,金融保險類報酬指數,1332.08
2016/8/10,TWA28,金融保險類報酬指數,1346.53
2016/8/11,TWA28,金融保險類報酬指數,1340.07
2016/8/12,TWA28,金融保險類報酬指數,1344.51
2016/8/15,TWA28,金融保險類報酬指數,1339.84
2016/8/16,TWA28,金融保險類報酬指數,1341.19
2016/8/17,TWA28,金融保險類報酬指數,1344.13
2016/8/18,TWA28,金融保險類報酬指數,1354.61
2016/8/19,TWA28,金融保險類報酬指數,1334.92
2016/8/22,TWA28,金融保險類報酬指數,1316.13
2016/8/23,TWA28,金融保險類報酬指數,1327.67
2016/8/24,TWA28,金融保險類報酬指數,1317.73
2016/8/25,TWA28,金融保險類報酬指數,1338.53
2016/8/26,TWA28,金融保險類報酬指數,1341.6
2016/8/29,TWA28,金融保險類報酬指數,1346.25
2016/8/30,TWA28,金融保險類報酬指數,1358.62
2016/8/31,TWA28,金融保險類報酬指數,1346.3
2016/9/1,TWA28,金融保險類報酬指數,1333.17
2016/9/2,TWA28,金融保險類報酬指數,1340.55
2016/9/5,TWA28,金融保險類報酬指數,1355.62
2016/9/6,TWA28,金融保險類報酬指數,1367.99
2016/9/7,TWA28,金融保險類報酬指數,1374.02
2016/9/8,TWA28,金融保險類報酬指數,1381.47
2016/9/9,TWA28,金融保險類報酬指數,1366.45
2016/9/10,TWA28,金融保險類報酬指數,1348.35
2016/9/12,TWA28,金融保險類報酬指數,1341.96
2016/9/13,TWA28,金融保險類報酬指數,1335.74
2016/9/14,TWA28,金融保險類報酬指數,1329
2016/9/19,TWA28,金融保險類報酬指數,1356.3
2016/9/20,TWA28,金融保險類報酬指數,1357.24
2016/9/21,TWA28,金融保險類報酬指數,1364.17
2016/9/22,TWA28,金融保險類報酬指數,1363.91
2016/9/23,TWA28,金融保險類報酬指數,1369.6
2016/9/26,TWA28,金融保險類報酬指數,1356.19
2016/9/29,TWA28,金融保險類報酬指數,1369.28
2016/9/30,TWA28,金融保險類報酬指數,1351.54
2016/10/3,TWA28,金融保險類報酬指數,1352.03
2016/10/4,TWA28,金融保險類報酬指數,1361.49
2016/10/5,TWA28,金融保險類報酬指數,1357.72
2016/10/6,TWA28,金融保險類報酬指數,1355.2
2016/10/7,TWA28,金融保險類報酬指數,1348.66
2016/10/11,TWA28,金融保險類報酬指數,1344.88
2016/10/12,TWA28,金融保險類報酬指數,1356.3
2016/10/13,TWA28,金融保險類報酬指數,1344.37
2016/10/14,TWA28,金融保險類報酬指數,1339.97
2016/10/17,TWA28,金融保險類報酬指數,1337.57
2016/10/18,TWA28,金融保險類報酬指數,1348.94
2016/10/19,TWA28,金融保險類報酬指數,1351.24
2016/10/20,TWA28,金融保險類報酬指數,1351.73
2016/10/21,TWA28,金融保險類報酬指數,1351.23
2016/10/24,TWA28,金融保險類報酬指數,1348.54
2016/10/25,TWA28,金融保險類報酬指數,1354.51
2016/10/26,TWA28,金融保險類報酬指數,1351.13
2016/10/27,TWA28,金融保險類報酬指數,1348.66
2016/10/28,TWA28,金融保險類報酬指數,1351.34
2016/10/31,TWA28,金融保險類報酬指數,1349.22
2016/11/1,TWA28,金融保險類報酬指數,1347.48
2016/11/2,TWA28,金融保險類報酬指數,1339.63
2016/11/3,TWA28,金融保險類報酬指數,1330.68
2016/11/4,TWA28,金融保險類報酬指數,1335.06
2016/11/7,TWA28,金融保險類報酬指數,1341.14
2016/11/8,TWA28,金融保險類報酬指數,1351.77
2016/11/9,TWA28,金融保險類報酬指數,1316.6
2016/11/10,TWA28,金融保險類報酬指數,1356.5
2016/11/11,TWA28,金融保險類報酬指數,1361.36
2016/11/14,TWA28,金融保險類報酬指數,1391.68
2016/11/15,TWA28,金融保險類報酬指數,1385.54
2016/11/16,TWA28,金融保險類報酬指數,1388.61
2016/11/17,TWA28,金融保險類報酬指數,1389.03
2016/11/18,TWA28,金融保險類報酬指數,1382.08
2016/11/21,TWA28,金融保險類報酬指數,1396.98
2016/11/22,TWA28,金融保險類報酬指數,1400.47
2016/11/23,TWA28,金融保險類報酬指數,1403.86
2016/11/24,TWA28,金融保險類報酬指數,1420.49
2016/11/25,TWA28,金融保險類報酬指數,1436.47
2016/11/28,TWA28,金融保險類報酬指數,1444.01
2016/11/29,TWA28,金融保險類報酬指數,1431.58
2016/11/30,TWA28,金融保險類報酬指數,1434.03
2016/12/1,TWA28,金融保險類報酬指數,1447.69
2016/12/2,TWA28,金融保險類報酬指數,1449.41
2016/12/5,TWA28,金融保險類報酬指數,1444.48
2016/12/6,TWA28,金融保險類報酬指數,1452.86
2016/12/7,TWA28,金融保險類報酬指數,1451.8
2016/12/8,TWA28,金融保險類報酬指數,1467.34
2016/12/9,TWA28,金融保險類報酬指數,1472.42
2016/12/12,TWA28,金融保險類報酬指數,1470.72
2016/12/13,TWA28,金融保險類報酬指數,1481.69
2016/12/14,TWA28,金融保險類報酬指數,1463.09
2016/12/15,TWA28,金融保險類報酬指數,1479.32
2016/12/16,TWA28,金融保險類報酬指數,1478.9
2016/12/19,TWA28,金融保險類報酬指數,1465.07
2016/12/20,TWA28,金融保險類報酬指數,1463.72
2016/12/21,TWA28,金融保險類報酬指數,1456.58
2016/12/22,TWA28,金融保險類報酬指數,1430.61
2016/12/23,TWA28,金融保險類報酬指數,1426.7
2016/12/26,TWA28,金融保險類報酬指數,1441.64
2016/12/27,TWA28,金融保險類報酬指數,1434.26
2016/12/28,TWA28,金融保險類報酬指數,1450.47
2016/12/29,TWA28,金融保險類報酬指數,1438.8
2016/12/30,TWA28,金融保險類報酬指數,1453.25
2017/1/3,TWA28,金融保險類報酬指數,1453.49
2017/1/4,TWA28,金融保險類報酬指數,1453.83
2017/1/5,TWA28,金融保險類報酬指數,1464.98
2017/1/6,TWA28,金融保險類報酬指數,1467.44
2017/1/9,TWA28,金融保險類報酬指數,1464.93
2017/1/10,TWA28,金融保險類報酬指數,1468.53
2017/1/11,TWA28,金融保險類報酬指數,1470.92
2017/1/12,TWA28,金融保險類報酬指數,1476.44
2017/1/13,TWA28,金融保險類報酬指數,1468.74
2017/1/16,TWA28,金融保險類報酬指數,1449.63
2017/1/17,TWA28,金融保險類報酬指數,1455.67
2017/1/18,TWA28,金融保險類報酬指數,1448.23
2017/1/19,TWA28,金融保險類報酬指數,1443.34
2017/1/20,TWA28,金融保險類報酬指數,1445.84
2017/1/23,TWA28,金融保險類報酬指數,1455.23
2017/1/24,TWA28,金融保險類報酬指數,1454.77
2017/2/2,TWA28,金融保險類報酬指數,1446.34
2017/2/3,TWA28,金融保險類報酬指數,1444.17
2017/2/6,TWA28,金融保險類報酬指數,1470.27
2017/2/7,TWA28,金融保險類報酬指數,1475.14
2017/2/8,TWA28,金融保險類報酬指數,1470.78
2017/2/9,TWA28,金融保險類報酬指數,1472.84
2017/2/10,TWA28,金融保險類報酬指數,1486.01
2017/2/13,TWA28,金融保險類報酬指數,1488.77
2017/2/14,TWA28,金融保險類報酬指數,1491.24
2017/2/15,TWA28,金融保險類報酬指數,1499.42
2017/2/16,TWA28,金融保險類報酬指數,1502.98
2017/2/17,TWA28,金融保險類報酬指數,1498.73
2017/2/18,TWA28,金融保險類報酬指數,1498.82
2017/2/20,TWA28,金融保險類報酬指數,1493.43
2017/2/21,TWA28,金融保險類報酬指數,1495.78
2017/2/22,TWA28,金融保險類報酬指數,1493.75
2017/2/23,TWA28,金融保險類報酬指數,1486.55
2017/2/24,TWA28,金融保險類報酬指數,1484.18
2017/3/1,TWA28,金融保險類報酬指數,1479.91
2017/3/2,TWA28,金融保險類報酬指數,1488.78
2017/3/3,TWA28,金融保險類報酬指數,1483.18
2017/3/6,TWA28,金融保險類報酬指數,1492.89
2017/3/7,TWA28,金融保險類報酬指數,1494.35
2017/3/8,TWA28,金融保險類報酬指數,1502.88
2017/3/9,TWA28,金融保險類報酬指數,1496.76
2017/3/10,TWA28,金融保險類報酬指數,1501.94
2017/3/13,TWA28,金融保險類報酬指數,1511.71
2017/3/14,TWA28,金融保險類報酬指數,1515.23
2017/3/15,TWA28,金融保險類報酬指數,1517.8
2017/3/16,TWA28,金融保險類報酬指數,1519.92
2017/3/17,TWA28,金融保險類報酬指數,1527
2017/3/20,TWA28,金融保險類報酬指數,1527.44
2017/3/21,TWA28,金融保險類報酬指數,1526.91
2017/3/22,TWA28,金融保險類報酬指數,1521.11
2017/3/23,TWA28,金融保險類報酬指數,1526.52
2017/3/24,TWA28,金融保險類報酬指數,1521.23
2017/3/27,TWA28,金融保險類報酬指數,1513.3
2017/3/28,TWA28,金融保險類報酬指數,1507.67
2017/3/29,TWA28,金融保險類報酬指數,1511.36
2017/3/30,TWA28,金融保險類報酬指數,1507.12
2017/3/31,TWA28,金融保險類報酬指數,1502.01
2017/4/5,TWA28,金融保險類報酬指數,1506.45
2017/4/6,TWA28,金融保險類報酬指數,1502.19
2017/4/7,TWA28,金融保險類報酬指數,1492.8
2017/4/10,TWA28,金融保險類報酬指數,1497.37
2017/4/11,TWA28,金融保險類報酬指數,1487.7
2017/4/12,TWA28,金融保險類報酬指數,1487.76
2017/4/13,TWA28,金融保險類報酬指數,1486.71
2017/4/14,TWA28,金融保險類報酬指數,1469.17
2017/4/17,TWA28,金融保險類報酬指數,1464.33
2017/4/18,TWA28,金融保險類報酬指數,1462.23
2017/4/19,TWA28,金融保險類報酬指數,1445.87
2017/4/20,TWA28,金融保險類報酬指數,1450.8
2017/4/21,TWA28,金融保險類報酬指數,1458.81
2017/4/24,TWA28,金融保險類報酬指數,1461.08
2017/4/25,TWA28,金融保險類報酬指數,1484.53
2017/4/26,TWA28,金融保險類報酬指數,1485.08
2017/4/27,TWA28,金融保險類報酬指數,1482.55
2017/4/28,TWA28,金融保險類報酬指數,1478.87
2017/5/2,TWA28,金融保險類報酬指數,1493.35
2017/5/3,TWA28,金融保險類報酬指數,1498.49
2017/5/4,TWA28,金融保險類報酬指數,1501.34
2017/5/5,TWA28,金融保險類報酬指數,1492.89
2017/5/8,TWA28,金融保險類報酬指數,1495.63
2017/5/9,TWA28,金融保險類報酬指數,1491.83
2017/5/10,TWA28,金融保險類報酬指數,1493.86
2017/5/11,TWA28,金融保險類報酬指數,1498.58
2017/5/12,TWA28,金融保險類報酬指數,1500.32
2017/5/15,TWA28,金融保險類報酬指數,1509.6
2017/5/16,TWA28,金融保險類報酬指數,1515.74
2017/5/17,TWA28,金融保險類報酬指數,1518.29
2017/5/18,TWA28,金融保險類報酬指數,1505.02
2017/5/19,TWA28,金融保險類報酬指數,1499.32
2017/5/22,TWA28,金融保險類報酬指數,1500.62
2017/5/23,TWA28,金融保險類報酬指數,1496.68
2017/5/24,TWA28,金融保險類報酬指數,1496.39
2017/5/25,TWA28,金融保險類報酬指數,1503.39
